structure_id,structure_label,ecm_complex,parent_ecm_type,molecule_class,calculation_class,assembly_type,subunit_formula,parsed_component_genes,n_component_genes,total_subunit_copies,structure_status,score_interpretation,structure_source,structure_url,structure_note,catalog_row
ECM01,Agrin,Agrin,Agrin,Other fixed ECM,Monomer TPM,Monomer,(AGRN)1,AGRN,1,1,Verified,Gene-level TPM-derived support score; oligomer copy number does not change the relative score,UniProt,https://www.uniprot.org/uniprotkb/O00468/entry,Curated as a monomer.,1
ECM02,Bone sialoprotein 2,Bone sialoprotein 2,Bone sialoprotein 2,Other fixed ECM,Monomer TPM,Monomer,(IBSP)1,IBSP,1,1,Verified,Gene-level TPM-derived support score; oligomer copy number does not change the relative score,UniProt,https://www.uniprot.org/uniprotkb/P21815/entry,Curated as a monomer.,3
ECM03,Cartilage oligomeric matrix protein,Cartilage oligomeric matrix protein,Cartilage oligomeric matrix protein,Other fixed ECM,Fixed homo-oligomer TPM-equivalent,Homopentamer,(COMP)5,COMP,1,5,Verified,Gene-level TPM-derived support score; oligomer copy number does not change the relative score,UniProt,https://www.uniprot.org/uniprotkb/P49747/entry,Disulfide-linked homopentamer.,5
ECM04,CHAD,CHAD,CHAD,Other fixed ECM,Monomer TPM,Monomer,(CHAD)1,CHAD,1,1,Verified,Gene-level TPM-derived support score; oligomer copy number does not change the relative score,UniProt,https://www.uniprot.org/uniprotkb/O15335/entry,Curated as mostly monomeric.,6
ECM05,Collagen I,Collagen I,Collagen I,Collagen,Structure-specific stoichiometry-weighted geometric mean,Heterotrimer,(COL1A1)2(COL1A2)1,COL1A1; COL1A2,2,3,Verified,Structure-specific transcriptomic assembly-support score; distinct trimers are not merged,UniProt,https://www.uniprot.org/uniprotkb/P02452/entry | https://www.uniprot.org/uniprotkb/P08123/entry,Two alpha-1(I) chains and one alpha-2(I) chain.,7
ECM06,Collagen II,Collagen II,Collagen II,Collagen,Structure-specific stoichiometry-weighted geometric mean,Homotrimer,(COL2A1)3,COL2A1,1,3,Verified,Structure-specific transcriptomic assembly-support score; distinct trimers are not merged,UniProt,https://www.uniprot.org/uniprotkb/P02458/entry,Three identical alpha-1(II) chains.,8
ECM07,Collagen III,Collagen III,Collagen III,Collagen,Structure-specific stoichiometry-weighted geometric mean,Homotrimer,(COL3A1)3,COL3A1,1,3,Verified,Structure-specific transcriptomic assembly-support score; distinct trimers are not merged,UniProt,https://www.uniprot.org/uniprotkb/P02461/entry,Three identical alpha-1(III) chains.,9
ECM08,Collagen IV (COL4A1)2(COL4A2)1,Collagen IV,Collagen IV,Collagen,Structure-specific stoichiometry-weighted geometric mean,Heterotrimer,(COL4A1)2(COL4A2)1,COL4A1; COL4A2,2,3,Verified,Structure-specific transcriptomic assembly-support score; distinct trimers are not merged,UniProt,https://www.uniprot.org/uniprotkb/P02462/entry | https://www.uniprot.org/uniprotkb/P08572/entry,Canonical alpha1-alpha1-alpha2 type IV collagen protomer.,10
ECM09,Collagen IV (COL4A3)1(COL4A4)1(COL4A5)1,Collagen IV,Collagen IV,Collagen,Structure-specific stoichiometry-weighted geometric mean,Heterotrimer,(COL4A3)1(COL4A4)1(COL4A5)1,COL4A3; COL4A4; COL4A5,3,3,Verified,Structure-specific transcriptomic assembly-support score; distinct trimers are not merged,UniProt,https://www.uniprot.org/uniprotkb/Q01955/entry | https://www.uniprot.org/uniprotkb/P53420/entry | https://www.uniprot.org/uniprotkb/P29400/entry,Alpha3-alpha4-alpha5 type IV collagen protomer.,12
ECM10,Collagen IV (COL4A5)2(COL4A6)1,Collagen IV,Collagen IV,Collagen,Structure-specific stoichiometry-weighted geometric mean,Heterotrimer,(COL4A5)2(COL4A6)1,COL4A5; COL4A6,2,3,Verified,Structure-specific transcriptomic assembly-support score; distinct trimers are not merged,UniProt,https://www.uniprot.org/uniprotkb/P29400/entry | https://www.uniprot.org/uniprotkb/Q14031/entry,Alpha5-alpha5-alpha6 type IV collagen protomer.,13
ECM11,Collagen IX,Collagen IX,Collagen IX,Collagen,Structure-specific stoichiometry-weighted geometric mean,Heterotrimer,(COL9A1)1(COL9A2)1(COL9A3)1,COL9A1; COL9A2; COL9A3,3,3,Verified,Structure-specific transcriptomic assembly-support score; distinct trimers are not merged,UniProt,https://www.uniprot.org/uniprotkb/P20849/entry | https://www.uniprot.org/uniprotkb/Q14055/entry | https://www.uniprot.org/uniprotkb/Q14050/entry,"One alpha-1(IX), one alpha-2(IX), and one alpha-3(IX) chain.",14
ECM12,Collagen V (COL5A1)2(COL5A2)1,Collagen V,Collagen V,Collagen,Structure-specific stoichiometry-weighted geometric mean,Heterotrimer,(COL5A1)2(COL5A2)1,COL5A1; COL5A2,2,3,Verified,Structure-specific transcriptomic assembly-support score; distinct trimers are not merged,UniProt,https://www.uniprot.org/uniprotkb/P20908/entry | https://www.uniprot.org/uniprotkb/P05997/entry,Major collagen V form in most tissues.,15
ECM13,Collagen V (COL5A1)1(COL5A2)1(COL5A3)1,Collagen V,Collagen V,Collagen,Structure-specific stoichiometry-weighted geometric mean,Heterotrimer,(COL5A1)1(COL5A2)1(COL5A3)1,COL5A1; COL5A2; COL5A3,3,3,Verified,Structure-specific transcriptomic assembly-support score; distinct trimers are not merged,UniProt,https://www.uniprot.org/uniprotkb/P20908/entry | https://www.uniprot.org/uniprotkb/P05997/entry | https://www.uniprot.org/uniprotkb/P25940/entry,Placental alpha1-alpha2-alpha3 collagen V form.,16
ECM14,Collagen VI,Collagen VI,Collagen VI,Collagen,Structure-specific stoichiometry-weighted geometric mean,Heterotrimer,(COL6A1)1(COL6A2)1(COL6A3)1,COL6A1; COL6A2; COL6A3,3,3,Verified,Structure-specific transcriptomic assembly-support score; distinct trimers are not merged,UniProt,https://www.uniprot.org/uniprotkb/P12109/entry | https://www.uniprot.org/uniprotkb/P12110/entry | https://www.uniprot.org/uniprotkb/P12111/entry,"One alpha-1(VI), one alpha-2(VI), and one alpha-3(VI) chain.",18
ECM15,Collagen VII,Collagen VII,Collagen VII,Collagen,Structure-specific stoichiometry-weighted geometric mean,Homotrimer,(COL7A1)3,COL7A1,1,3,Verified,Structure-specific transcriptomic assembly-support score; distinct trimers are not merged,UniProt,https://www.uniprot.org/uniprotkb/Q02388/entry,Three identical alpha-1(VII) chains.,19
ECM16,Collagen X,Collagen X,Collagen X,Collagen,Structure-specific stoichiometry-weighted geometric mean,Homotrimer,(COL10A1)3,COL10A1,1,3,Verified,Structure-specific transcriptomic assembly-support score; distinct trimers are not merged,UniProt,https://www.uniprot.org/uniprotkb/Q03692/entry,Three identical alpha-1(X) chains.,21
ECM17,Collagen XIII,Collagen XIII,Collagen XIII,Collagen,Structure-specific stoichiometry-weighted geometric mean,Homotrimer,(COL13A1)3,COL13A1,1,3,Verified,Structure-specific transcriptomic assembly-support score; distinct trimers are not merged,UniProt,https://www.uniprot.org/uniprotkb/Q5TAT6/entry,Three identical alpha-1(XIII) chains.,22
ECM18,Collagen XVI,Collagen XVI,Collagen XVI,Collagen,Structure-specific stoichiometry-weighted geometric mean,Homotrimer,(COL16A1)3,COL16A1,1,3,Verified,Structure-specific transcriptomic assembly-support score; distinct trimers are not merged,UniProt,https://www.uniprot.org/uniprotkb/Q07092/entry,Three identical alpha-1(XVI) chains.,23
ECM19,Collagen XXIII,Collagen XXIII,Collagen XXIII,Collagen,Structure-specific stoichiometry-weighted geometric mean,Homotrimer,(COL23A1)3,COL23A1,1,3,Verified,Structure-specific transcriptomic assembly-support score; distinct trimers are not merged,UniProt,https://www.uniprot.org/uniprotkb/Q86Y22/entry,Three identical alpha-1(XXIII) chains.,24
ECM20,Fibrinogen,Fibrinogen,Fibrinogen,Other fixed ECM,Fixed heteromer weighted geometric mean,Heterohexamer,(FGA)2(FGB)2(FGG)2,FGA; FGB; FGG,3,6,Verified,Stoichiometry-weighted transcriptomic assembly-support score,UniProt,https://www.uniprot.org/uniprotkb/P02671/entry | https://www.uniprot.org/uniprotkb/P02675/entry | https://www.uniprot.org/uniprotkb/P02679/entry,"Two copies each of the alpha, beta, and gamma chains.",30
ECM21,Fibronectin,Fibronectin,Fibronectin,Other fixed ECM,Fixed homo-oligomer TPM-equivalent,Homodimer,(FN1)2,FN1,1,2,Partial,Gene-level TPM-derived support score; oligomer copy number does not change the relative score,UniProt,https://www.uniprot.org/uniprotkb/P02751/entry,"Gene-level minimal representation. Fibronectin is usually a disulfide-linked dimer, but splice-isoform heterodimers and higher multimers can occur.",31
ECM22,Laminin-111,Laminin-111,Laminin,Laminin,Method 2: equal-affinity weighted geometric mean,Heterotrimer,(LAMA1)1(LAMB1)1(LAMC1)1,LAMA1; LAMB1; LAMC1,3,3,Verified,Equal-affinity expression-based assembly-propensity score; shared chains are not uniquely allocated,UniProt,https://www.uniprot.org/uniprotkb/P25391/entry | https://www.uniprot.org/uniprotkb/P07942/entry | https://www.uniprot.org/uniprotkb/P11047/entry,"One alpha, one beta, and one gamma laminin chain.",32
ECM23,Laminin-121,Laminin-121,Laminin,Laminin,Method 2: equal-affinity weighted geometric mean,Heterotrimer,(LAMA1)1(LAMB2)1(LAMC1)1,LAMA1; LAMB2; LAMC1,3,3,Verified,Equal-affinity expression-based assembly-propensity score; shared chains are not uniquely allocated,UniProt,https://www.uniprot.org/uniprotkb/P25391/entry | https://www.uniprot.org/uniprotkb/P55268/entry | https://www.uniprot.org/uniprotkb/P11047/entry,"One alpha, one beta, and one gamma laminin chain.",33
ECM24,Laminin-211,Laminin-211,Laminin,Laminin,Method 2: equal-affinity weighted geometric mean,Heterotrimer,(LAMA2)1(LAMB1)1(LAMC1)1,LAMA2; LAMB1; LAMC1,3,3,Verified,Equal-affinity expression-based assembly-propensity score; shared chains are not uniquely allocated,UniProt,https://www.uniprot.org/uniprotkb/P24043/entry | https://www.uniprot.org/uniprotkb/P07942/entry | https://www.uniprot.org/uniprotkb/P11047/entry,"One alpha, one beta, and one gamma laminin chain.",34
ECM25,Laminin-213,Laminin-213,Laminin,Laminin,Method 2: equal-affinity weighted geometric mean,Heterotrimer,(LAMA2)1(LAMB1)1(LAMC3)1,LAMA2; LAMB1; LAMC3,3,3,Verified,Equal-affinity expression-based assembly-propensity score; shared chains are not uniquely allocated,UniProt,https://www.uniprot.org/uniprotkb/P24043/entry | https://www.uniprot.org/uniprotkb/P07942/entry | https://www.uniprot.org/uniprotkb/Q9Y6N6/entry,"One alpha, one beta, and one gamma laminin chain.",35
ECM26,Laminin-221,Laminin-221,Laminin,Laminin,Method 2: equal-affinity weighted geometric mean,Heterotrimer,(LAMA2)1(LAMB2)1(LAMC1)1,LAMA2; LAMB2; LAMC1,3,3,Verified,Equal-affinity expression-based assembly-propensity score; shared chains are not uniquely allocated,UniProt,https://www.uniprot.org/uniprotkb/P24043/entry | https://www.uniprot.org/uniprotkb/P55268/entry | https://www.uniprot.org/uniprotkb/P11047/entry,"One alpha, one beta, and one gamma laminin chain.",36
ECM27,Laminin-311,Laminin-311,Laminin,Laminin,Method 2: equal-affinity weighted geometric mean,Heterotrimer,(LAMA3)1(LAMB1)1(LAMC1)1,LAMA3; LAMB1; LAMC1,3,3,Verified,Equal-affinity expression-based assembly-propensity score; shared chains are not uniquely allocated,UniProt,https://www.uniprot.org/uniprotkb/Q16787/entry | https://www.uniprot.org/uniprotkb/P07942/entry | https://www.uniprot.org/uniprotkb/P11047/entry,"One alpha, one beta, and one gamma laminin chain.",37
ECM28,Laminin-321,Laminin-321,Laminin,Laminin,Method 2: equal-affinity weighted geometric mean,Heterotrimer,(LAMA3)1(LAMB2)1(LAMC1)1,LAMA3; LAMB2; LAMC1,3,3,Verified,Equal-affinity expression-based assembly-propensity score; shared chains are not uniquely allocated,UniProt,https://www.uniprot.org/uniprotkb/Q16787/entry | https://www.uniprot.org/uniprotkb/P55268/entry | https://www.uniprot.org/uniprotkb/P11047/entry,"One alpha, one beta, and one gamma laminin chain.",38
ECM29,Laminin-332,Laminin-332,Laminin,Laminin,Method 2: equal-affinity weighted geometric mean,Heterotrimer,(LAMA3)1(LAMB3)1(LAMC2)1,LAMA3; LAMB3; LAMC2,3,3,Verified,Equal-affinity expression-based assembly-propensity score; shared chains are not uniquely allocated,UniProt,https://www.uniprot.org/uniprotkb/Q16787/entry | https://www.uniprot.org/uniprotkb/Q13751/entry | https://www.uniprot.org/uniprotkb/Q13753/entry,"One alpha, one beta, and one gamma laminin chain.",39
ECM30,Laminin-411,Laminin-411,Laminin,Laminin,Method 2: equal-affinity weighted geometric mean,Heterotrimer,(LAMA4)1(LAMB1)1(LAMC1)1,LAMA4; LAMB1; LAMC1,3,3,Verified,Equal-affinity expression-based assembly-propensity score; shared chains are not uniquely allocated,UniProt,https://www.uniprot.org/uniprotkb/Q16363/entry | https://www.uniprot.org/uniprotkb/P07942/entry | https://www.uniprot.org/uniprotkb/P11047/entry,"One alpha, one beta, and one gamma laminin chain.",40
ECM31,Laminin-421,Laminin-421,Laminin,Laminin,Method 2: equal-affinity weighted geometric mean,Heterotrimer,(LAMA4)1(LAMB2)1(LAMC1)1,LAMA4; LAMB2; LAMC1,3,3,Verified,Equal-affinity expression-based assembly-propensity score; shared chains are not uniquely allocated,UniProt,https://www.uniprot.org/uniprotkb/Q16363/entry | https://www.uniprot.org/uniprotkb/P55268/entry | https://www.uniprot.org/uniprotkb/P11047/entry,"One alpha, one beta, and one gamma laminin chain.",41
ECM32,Laminin-423,Laminin-423,Laminin,Laminin,Method 2: equal-affinity weighted geometric mean,Heterotrimer,(LAMA4)1(LAMB2)1(LAMC3)1,LAMA4; LAMB2; LAMC3,3,3,Verified,Equal-affinity expression-based assembly-propensity score; shared chains are not uniquely allocated,UniProt,https://www.uniprot.org/uniprotkb/Q16363/entry | https://www.uniprot.org/uniprotkb/P55268/entry | https://www.uniprot.org/uniprotkb/Q9Y6N6/entry,"One alpha, one beta, and one gamma laminin chain.",42
ECM33,Laminin-511,Laminin-511,Laminin,Laminin,Method 2: equal-affinity weighted geometric mean,Heterotrimer,(LAMA5)1(LAMB1)1(LAMC1)1,LAMA5; LAMB1; LAMC1,3,3,Verified,Equal-affinity expression-based assembly-propensity score; shared chains are not uniquely allocated,UniProt,https://www.uniprot.org/uniprotkb/O15230/entry | https://www.uniprot.org/uniprotkb/P07942/entry | https://www.uniprot.org/uniprotkb/P11047/entry,"One alpha, one beta, and one gamma laminin chain.",43
ECM34,Laminin-521,Laminin-521,Laminin,Laminin,Method 2: equal-affinity weighted geometric mean,Heterotrimer,(LAMA5)1(LAMB2)1(LAMC1)1,LAMA5; LAMB2; LAMC1,3,3,Verified,Equal-affinity expression-based assembly-propensity score; shared chains are not uniquely allocated,UniProt,https://www.uniprot.org/uniprotkb/O15230/entry | https://www.uniprot.org/uniprotkb/P55268/entry | https://www.uniprot.org/uniprotkb/P11047/entry,"One alpha, one beta, and one gamma laminin chain.",44
ECM35,Laminin-522,Laminin-522,Laminin,Laminin,Method 2: equal-affinity weighted geometric mean,Heterotrimer,(LAMA5)1(LAMB2)1(LAMC2)1,LAMA5; LAMB2; LAMC2,3,3,Verified,Equal-affinity expression-based assembly-propensity score; shared chains are not uniquely allocated,UniProt,https://www.uniprot.org/uniprotkb/O15230/entry | https://www.uniprot.org/uniprotkb/P55268/entry | https://www.uniprot.org/uniprotkb/Q13753/entry,"One alpha, one beta, and one gamma laminin chain.",45
ECM36,Laminin-523,Laminin-523,Laminin,Laminin,Method 2: equal-affinity weighted geometric mean,Heterotrimer,(LAMA5)1(LAMB2)1(LAMC3)1,LAMA5; LAMB2; LAMC3,3,3,Verified,Equal-affinity expression-based assembly-propensity score; shared chains are not uniquely allocated,UniProt,https://www.uniprot.org/uniprotkb/O15230/entry | https://www.uniprot.org/uniprotkb/P55268/entry | https://www.uniprot.org/uniprotkb/Q9Y6N6/entry,"One alpha, one beta, and one gamma laminin chain.",46
ECM37,Npnt complex 1,Npnt complex 1,Npnt complex 1,Other fixed ECM,Fixed heteromer weighted geometric mean,Heterotrimer,(FRAS1)1(FREM1)1(NPNT)1,FRAS1; FREM1; NPNT,3,3,Partial,Stoichiometry-weighted transcriptomic assembly-support score,CellChatDB component definition,https://github.com/jinworks/CellChat,"CellChatDB defines these three components; explicit molecular copy numbers are not independently curated, so one copy each is a working component-level representation.",48
ECM38,Npnt complex 2,Npnt complex 2,Npnt complex 2,Other fixed ECM,Fixed heteromer weighted geometric mean,Heterotrimer,(FRAS1)1(FREM2)1(NPNT)1,FRAS1; FREM2; NPNT,3,3,Partial,Stoichiometry-weighted transcriptomic assembly-support score,CellChatDB component definition,https://github.com/jinworks/CellChat,"CellChatDB defines these three components; explicit molecular copy numbers are not independently curated, so one copy each is a working component-level representation.",49
ECM39,Tenascin-C,Tenascin-C,Tenascin-C,Other fixed ECM,Fixed homo-oligomer TPM-equivalent,Homohexamer,(TNC)6,TNC,1,6,Verified,Gene-level TPM-derived support score; oligomer copy number does not change the relative score,UniProt,https://www.uniprot.org/uniprotkb/P24821/entry,Hexabrachion assembled from six TNC chains.,52
ECM40,Tenascin-N,Tenascin-N,Tenascin-N,Other fixed ECM,Fixed homo-oligomer TPM-equivalent,Homohexamer,(TNN)6,TNN,1,6,Verified,Gene-level TPM-derived support score; oligomer copy number does not change the relative score,UniProt,https://www.uniprot.org/uniprotkb/Q9UQP3/entry,Curated as a homohexamer.,53
ECM41,Tenascin-X,Tenascin-X,Tenascin-X,Other fixed ECM,Fixed homo-oligomer TPM-equivalent,Homotrimer,(TNXB)3,TNXB,1,3,Verified,Gene-level TPM-derived support score; oligomer copy number does not change the relative score,UniProt,https://www.uniprot.org/uniprotkb/P22105/entry,Curated as a homotrimer.,55
ECM42,Thrombospondin-1,Thrombospondin-1,Thrombospondin-1,Other fixed ECM,Fixed homo-oligomer TPM-equivalent,Homotrimer,(THBS1)3,THBS1,1,3,Verified,Gene-level TPM-derived support score; oligomer copy number does not change the relative score,UniProt,https://www.uniprot.org/uniprotkb/P07996/entry,Curated as a homotrimer.,57
ECM43,Thrombospondin-2,Thrombospondin-2,Thrombospondin-2,Other fixed ECM,Fixed homo-oligomer TPM-equivalent,Homotrimer,(THBS2)3,THBS2,1,3,Verified,Gene-level TPM-derived support score; oligomer copy number does not change the relative score,UniProt,https://www.uniprot.org/uniprotkb/P35442/entry,Curated as a homotrimer.,58
ECM44,Thrombospondin-4,Thrombospondin-4,Thrombospondin-4,Other fixed ECM,Fixed homo-oligomer TPM-equivalent,Homopentamer,(THBS4)5,THBS4,1,5,Verified,Gene-level TPM-derived support score; oligomer copy number does not change the relative score,UniProt,https://www.uniprot.org/uniprotkb/P35443/entry,Curated as a homopentamer.,60
ECM45,Vitronectin,Vitronectin,Vitronectin,Other fixed ECM,Monomer TPM,Monomer,(VTN)1,VTN,1,1,Verified,Gene-level TPM-derived support score; oligomer copy number does not change the relative score,UniProt,https://www.uniprot.org/uniprotkb/P04004/entry,Represented as one VTN precursor-derived molecule; proteolytic clipping can yield two linked chains without changing gene copy number.,62
