gene,TCGA-BH-A1FM-11B-23R-A13Q-07,TCGA-BH-A1ET-11B-23R-A137-07,TCGA-BH-A0E1-11A-13R-A089-07,TCGA-BH-A1FN-11A-34R-A13Q-07,TCGA-BH-A18P-11A-43R-A12D-07,TCGA-BH-A0B7-11A-34R-A115-07,TCGA-GI-A2C8-11A-22R-A16F-07,TCGA-BH-A1F6-11B-94R-A13Q-07,TCGA-BH-A0B3-11B-21R-A089-07,TCGA-BH-A1EO-11A-31R-A137-07
AGRN,37.1745,42.1277,84.0323,17.3582,25.6375,83.4552,3.5482,21.4656,78.9505,10.2284
CHAD,18.41,16.7824,17.9683,10.4706,7.5727,81.5384,4.8907,6.3824,22.87,0.5968
COL10A1,1.0817,0.5361,0.3353,0.6489,0.5103,0.5428,0.0817,1.076,1.37,1.5792
COL11A1,0.6977,0.9572,2.057,1.0837,0.6389,3.6133,0.2639,1.4591,1.2898,1.2267
COL11A2,1.3205,1.2693,0.7978,0.3424,0.8618,2.4554,0.939,0.3758,1.557,0.243
COL12A1,66.8339,71.9629,19.314,30.2508,42.2795,38.9593,13.9119,96.5768,44.9405,58.8099
COL13A1,0.912,0.9608,2.2278,0.4451,0.418,1.9967,0.1444,0.5219,0.7153,0.4245
COL14A1,171.1954,110.7675,34.2063,142.161,109.7881,106.6818,27.5941,186.5502,88.2695,116.1525
COL15A1,63.8111,176.5706,65.939,129.1148,107.7493,67.6617,89.4415,121.3809,92.0334,208.0138
COL16A1,38.8273,46.5314,29.3,18.4557,19.5369,67.1368,2.781,16.0937,47.5714,29.2891
COL17A1,222.5913,137.8357,228.1318,122.6344,87.3683,284.8244,0.0149,168.7669,189.0374,0.6986
COL18A1,32.6448,51.8855,37.0569,13.8894,33.3904,44.2827,11.097,19.4501,46.2581,40.3601
COL19A1,0.0371,0.0799,0.1457,0.0846,0.0739,0.0906,0.9942,0.0468,0.0823,0.0029
COL1A1,192.4028,309.903,65.4132,468.1699,116.8367,353.4665,134.977,433.3139,259.047,2259.4727
COL1A2,334.0725,452.7125,95.2535,556.8528,187.0048,324.0201,155.5046,561.9075,337.1755,2139.7824
COL20A1,0.0047,0.0178,0,0.0081,0.0396,0.0076,0,0.0039,0.0118,0.0057
COL21A1,3.4262,3.1828,1.1495,2.7159,0.9503,4.2832,4.0348,3.304,2.9897,5.1501
COL22A1,0.5853,0.2673,0.2653,0.8069,0.0759,1.5015,0.0088,0.262,0.7989,0.725
COL23A1,4.1583,4.9376,5.4337,1.8224,1.7473,7.7531,0.1833,0.9767,4.4397,0.5157
COL24A1,0.3475,0.4701,0.1678,0.3015,0.227,0.2955,0.5125,0.3858,0.4672,0.4346
COL25A1,4.0655,6.7763,0.9362,1.1064,5.0971,2.5203,0.2227,3.8882,2.6671,4.7051
COL26A1,0.3134,0.1734,1.0094,0.1574,0.105,1.0191,0.0112,0.5676,0.2716,0.0711
COL27A1,9.1229,8.5731,11.382,8.5458,4.4868,27.7541,0.4294,5.3862,16.2562,1.2838
COL28A1,2.2497,3.3652,3.0343,0.7353,1.4964,4.8602,1.5923,1.6035,6.8302,0.4033
COL2A1,2.8024,1.5851,10.4449,1.1724,2.5831,5.9169,0.0209,0.5799,1.3419,0.0426
COL3A1,338.7567,492.6901,118.0124,589.1746,273.1204,742.9408,377.6937,811.514,569.4922,4613.2022
COL4A1,70.4962,116.0576,28.53,53.977,148.8497,50.0149,77.4437,105.4911,79.3377,158.6274
COL4A2,60.388,92.268,27.154,43.748,115.1286,64.3681,38.2676,60.9214,74.9617,117.238
COL4A3,1.9692,1.7366,0.6994,0.8665,0.503,1.9724,5.1979,0.8477,0.8933,0.0243
COL4A4,2.3685,2.2443,1.9741,2.1787,0.7028,3.2132,4.242,1.8552,1.7353,0.2102
COL4A5,20.1907,19.7594,13.0958,8.9536,8.323,31.5595,1.532,18.6304,16.1363,0.9235
COL4A6,10.8227,7.6213,8.1884,5.1015,3.0296,15.3206,0.4833,8.8148,6.5882,0.4582
COL5A1,21.7841,24.5271,9.1909,22.3327,12.2486,30.1647,21.0203,37.9498,25.1863,100.6823
COL5A2,39.7366,67.6039,14.6941,41.4988,48.6348,57.5961,22.5635,80.7518,40.1565,197.0868
COL5A3,9.6295,23.5249,6.4013,4.9855,24.9864,11.9293,8.4744,12.4042,12.1671,38.6356
COL6A1,209.0253,281.7652,118.5364,224.1178,133.5447,238.3828,103.6348,275.5717,226.0643,588.2179
COL6A2,314.4299,366.3834,171.5459,212.6349,176.8847,238.3527,138.614,263.4786,384.5734,877.0193
COL6A3,127.1113,161.9915,32.8497,171.0365,62.0846,84.597,60.6711,163.6528,90.7515,221.3623
COL7A1,18.1754,15.4113,10.3304,3.0185,6.605,23.534,0.9926,2.3303,13.4697,0.1537
COL8A1,10.3189,23.4981,2.7469,3.8539,12.7869,5.0562,4.247,31.3239,11.7813,43.4928
COL8A2,37.1045,26.4804,46.5495,37.9916,19.1498,48.4293,2.4429,29.4947,42.4835,26.9748
COL9A1,0.0653,0.0937,0.1154,0.0567,0.0954,0.1859,0.0555,0.0206,0.1241,0.0503
COL9A2,12.0864,11.7377,13.2717,6.7279,9.0285,25.6883,0.0825,5.1431,27.4949,1.0239
COL9A3,2.1554,1.6057,2.8018,0.5042,1.0878,5.5659,0.1868,0.3547,2.2882,0.8655
COMP,1.1745,0.9961,0.3374,0.3158,0.474,1.2103,0.1462,4.637,6.9976,45.2256
FGA,0,0,0.2253,0,0,2.5258,0,1.1723,0.0496,0
FGB,0.0702,0,0.8441,0,0.0745,5.97,0,2.9737,0.5184,0.0072
FGG,0.1137,0.1086,0.2452,0.0123,0,4.4353,0,0.3935,0.108,0.0438
FN1,98.0758,127.5353,17.8502,96.5249,26.8249,54.3864,71.6267,268.016,61.9501,270.0674
FRAS1,3.4939,4.4517,1.709,2.8189,1.5432,4.4423,2.1762,8.5846,2.4149,0.825
FREM1,10.6081,8.8984,2.5026,4.4948,7.7749,11.6792,2.0552,21.1938,9.1525,10.2913
FREM2,1.0277,1.0033,1.0208,0.5481,0.5871,1.9775,7.8052,1.026,0.7005,0.1684
IBSP,0,0.0932,0,0,0,0,0,0,0,0.0801
ITGA1,21.2787,35.5488,10.8973,16.0502,26.6238,18.5337,6.7598,43.867,21.1403,26.7712
ITGA10,14.2663,15.4213,8.9619,8.0127,4.0876,19.2383,0.4457,2.2213,6.7976,0.8428
ITGA11,12.0034,12.5301,10.1191,7.3802,3.9069,17.7022,5.306,20.3772,9.3718,17.4789
ITGA2,62.3489,50.1261,43.6868,29.187,24.9227,83.3932,0.9028,56.8775,46.5174,3.6505
ITGA2B,0.4042,0.6095,0.1268,0.1636,0.5433,0.6279,0.0977,0.2638,0.4891,0.3651
ITGA3,54.3423,42.6085,60.2143,28.3877,26.6615,71.691,3.3312,40.685,52.0577,16.9176
ITGA4,5.4922,5.3642,1.9285,7.9061,1.4471,5.9947,0.3688,5.0123,8.7739,2.9953
ITGA5,52.5621,62.5615,22.3176,49.9031,16.7794,27.4727,12.491,55.6955,35.3336,84.4321
ITGA6,140.0989,164.2586,203.8157,187.6882,77.8136,203.9131,22.0201,162.6693,137.8138,63.3562
ITGA7,68.4924,68.4766,7.4609,9.4338,193.8118,21.3281,117.2747,57.2879,48.1151,109.0744
ITGA8,5.2476,11.8546,2.0394,5.6444,3.404,3.7036,2.9073,10.2685,15.2923,4.1271
ITGA9,21.4738,30.042,12.6453,29.7506,14.0738,21.5496,5.2477,21.9775,23.7813,17.728
ITGAD,0.2448,0.1226,0,1.1226,0.1485,0.8149,0.3962,0.7141,0.4134,0.5887
ITGAE,7.1664,7.4124,5.2152,7.0649,5.575,7.6586,3.8398,6.5412,9.557,11.7906
ITGAL,4.6306,5.6203,3.5963,9.3536,1.8712,7.0819,0.2856,3.425,10.3566,3.2192
ITGAM,6.7353,9.0075,2.9913,16.7046,2.7678,7.7489,1.559,16.7694,9.0883,24.7176
ITGAV,78.0984,104.1334,30.9512,54.8151,59.6559,71.6484,27.887,129.3614,74.3391,59.2292
ITGAX,3.3396,3.7101,1.7354,6.0084,1.1661,6.5345,0.4964,7.5104,7.452,8.7659
ITGB1,143.955,185.3243,97.6043,82.312,185.2742,127.5951,36.4649,195.7919,138.6306,175.0255
ITGB2,16.1958,17.7787,16.2293,40.7158,7.018,18.9713,2.1667,17.1796,39.1376,69.0898
ITGB3,10.0281,8.8677,1.671,5.6839,2.9198,4.6041,0.9708,13.7448,8.358,11.2841
ITGB4,125.523,120.2924,222.3636,99.2407,57.3379,204.0723,4.1147,62.9908,125.1137,23.4553
ITGB5,88.48,137.5987,107.545,78.7992,78.1679,111.2565,15.8472,121.0133,104.6021,243.2015
ITGB6,37.5592,36.5496,44.3259,38.9093,23.5727,56.9552,39.06,45.3908,40.4467,0.1252
ITGB7,2.3902,1.6475,0.7754,2.6821,0.6342,1.4013,0.1563,0.8487,2.3723,0.8918
ITGB8,14.9235,20.8215,19.4874,17.5338,9.8931,29.4709,0.0987,16.8016,22.9695,0.6776
LAMA1,1.7709,3.9525,4.8539,2.0403,0.9107,8.8107,0.0132,3.8306,3.7298,0.7847
LAMA2,31.8754,49.5202,11.7079,25.7457,24.6277,17.5267,19.7942,64.337,20.4196,45.4131
LAMA3,78.6261,58.066,67.6114,45.8616,29.9424,82.2833,0.8449,49.265,44.668,6.4317
LAMA4,75.4149,94.4342,12.0357,40.5274,115.6633,31.5629,18.3636,117.7732,57.206,127.9036
LAMA5,36.9505,48.9015,29.2257,15.853,18.0816,42.8115,3.1925,19.9933,34.2461,10.6182
LAMB1,45.6961,45.0066,28.0248,46.4772,57.9483,37.3985,12.064,42.7564,39.679,42.4596
LAMB2,205.899,274.0991,195.8819,97.0456,141.9283,236.7045,78.0379,167.5569,208.3237,219.4313
LAMB3,188.4371,63.2375,235.8529,83.9066,89.6017,210.3466,1.998,92.5333,151.1806,14.4257
LAMC1,214.2,296.6376,85.3898,146.6988,184.7586,137.2766,65.9415,266.8492,166.2751,238.5666
LAMC2,205.7209,70.2771,115.4085,57.9484,51.1434,148.4255,0.5393,114.5593,112.288,2.4057
LAMC3,2.6664,3.3197,5.7731,1.2362,1.33,8.2613,0.319,0.9989,3.493,0.4194
NPNT,44.185,53.6958,36.2877,22.5272,17.1895,27.7886,7.5227,18.1937,74.4156,6.7891
THBS1,410.218,158.92,188.5082,126.1202,105.6984,178.4368,12.5495,440.3768,152.5556,342.5391
THBS2,78.34,57.4603,12.278,22.5194,13.1172,33.5442,3.3194,36.4199,30.8102,24.468
THBS4,3.5099,28.2498,5.1414,10.1286,33.3383,6.4832,187.7198,36.5697,26.8122,93.952
TNC,85.2798,57.6469,99.6257,67.3535,36.7769,156.3409,7.2622,162.8732,121.8173,28.2208
TNN,5.3259,9.5313,22.0145,9.5852,13.4156,13.8053,0.2276,7.8924,16.7538,9.9467
TNXB,69.3044,63.0019,10.1351,13.9534,13.4343,24.2391,30.6582,46.3649,27.8192,83.0233
VTN,0.6179,0.873,0.3794,0.6293,0.1996,1.7034,0.1826,0.3833,1.2248,0.4798
