catalog_id,collagen_type,molecular_species,formula,genes,coefficient_sum,status,primary_model,evidence_level,source_name,source_url,note
CAT01,I,Canonical type I heterotrimer,(COL1A1)2(COL1A2)1,COL1A1; COL1A2,3,Included,TRUE,Reviewed curated reaction,Reactome,https://reactome.org/content/detail/R-HSA-8944214,Predominant type I molecular species.
CAT02,I,Type I alpha-1 homotrimer,(COL1A1)3,COL1A1,3,Catalogued only,FALSE,Context-dependent variant,Nature Communications,https://www.nature.com/articles/ncomms14671,Reported in selected developmental/disease contexts; excluded from the canonical closed OLS model.
CAT03,II,Type II homotrimer,(COL2A1)3,COL2A1,3,Included,TRUE,Reviewed curated reaction,Reactome,https://reactome.org/content/detail/R-HSA-8944263,Fixed homotrimer.
CAT04,III,Type III homotrimer,(COL3A1)3,COL3A1,3,Included,TRUE,Reviewed curated reaction,Reactome,https://reactome.org/content/detail/R-HSA-8944240,Fixed homotrimer.
CAT05,IV,alpha1-alpha1-alpha2 network protomer,(COL4A1)2(COL4A2)1,COL4A1; COL4A2,3,Included,TRUE,Reviewed curated complex,Reactome,https://reactome.org/content/detail/R-HSA-8944265,One of three established type IV protomers.
CAT06,IV,alpha3-alpha4-alpha5 network protomer,(COL4A3)1(COL4A4)1(COL4A5)1,COL4A3; COL4A4; COL4A5,3,Included,TRUE,Reviewed curated complex,Reactome,https://reactome.org/content/detail/R-HSA-8944265,One of three established type IV protomers.
CAT07,IV,alpha5-alpha5-alpha6 network protomer,(COL4A5)2(COL4A6)1,COL4A5; COL4A6,3,Included,TRUE,Reviewed curated complex,Reactome,https://reactome.org/content/detail/R-HSA-8944265,One of three established type IV protomers.
CAT08,V,Predominant alpha1-alpha1-alpha2 molecule,(COL5A1)2(COL5A2)1,COL5A1; COL5A2,3,Included,TRUE,Primary biochemical literature,Journal of Biological Chemistry,https://doi.org/10.1074/jbc.M008236200,Predominant type V molecular species.
CAT09,V,Placental alpha1-alpha2-alpha3 molecule,(COL5A1)1(COL5A2)1(COL5A3)1,COL5A1; COL5A2; COL5A3,3,Included,TRUE,Primary biochemical literature,PubMed / JBC,https://pubmed.ncbi.nlm.nih.gov/10722718/,Tissue-restricted but experimentally reported molecular species.
CAT10,V,Type V alpha1 homotrimer,(COL5A1)3,COL5A1,3,Included,TRUE,Primary biochemical literature,Journal of Biological Chemistry,https://doi.org/10.1074/jbc.M008236200,Low-abundance/context-dependent molecular species; included because its fixed composition is experimentally supported.
CAT11,VI,Canonical alpha1-alpha2-alpha3 molecule,(COL6A1)1(COL6A2)1(COL6A3)1,COL6A1; COL6A2; COL6A3,3,Included,TRUE,Established human assembly,Reactome,https://reactome.org/content/detail/R-HSA-8944247,Conservative primary-model type VI structure.
CAT12,VI,Proposed alpha1-alpha2-alpha5 molecule,(COL6A1)1(COL6A2)1(COL6A5)1,COL6A1; COL6A2; COL6A5,3,Catalogued only,FALSE,Candidate/proposed human assembly,Nature Communications,https://www.nature.com/articles/s41467-025-62923-3,Retained for reference but excluded from the Primary OLS model because native human composition remains less certain.
CAT13,VI,Proposed alpha1-alpha2-alpha6 molecule,(COL6A1)1(COL6A2)1(COL6A6)1,COL6A1; COL6A2; COL6A6,3,Catalogued only,FALSE,Candidate/proposed human assembly,Nature Communications,https://www.nature.com/articles/s41467-025-62923-3,Retained for reference but excluded from the Primary OLS model because native human composition remains less certain.
CAT14,VII,Type VII homotrimer,(COL7A1)3,COL7A1,3,Included,TRUE,Reviewed curated reaction,Reactome,https://reactome.org/content/detail/R-HSA-8944255,Fixed homotrimer.
CAT15,VIII,Type VIII alpha1 homotrimer,(COL8A1)3,COL8A1,3,Included,TRUE,In-vivo primary evidence,Matrix Biology,https://doi.org/10.1016/S0945-053X(99)00053-0,Distinct alpha1 homotrimer observed in vivo.
CAT16,VIII,Type VIII alpha2 homotrimer,(COL8A2)3,COL8A2,3,Included,TRUE,In-vivo primary evidence,Matrix Biology,https://doi.org/10.1016/S0945-053X(99)00053-0,Distinct alpha2 homotrimer observed in vivo.
CAT17,VIII,Type VIII mixed heterotrimers,"Variable: (COL8A1)x(COL8A2)y, x+y=3",,0,Catalogued only,FALSE,In-vitro/context-dependent,International Journal of Biochemistry & Cell Biology,https://doi.org/10.1016/S1357-2725(01)00013-9,Both 2:1 orientations can form in vitro; excluded because a unique in-vivo allocation rule is not established.
CAT18,IX,Type IX heterotrimer,(COL9A1)1(COL9A2)1(COL9A3)1,COL9A1; COL9A2; COL9A3,3,Included,TRUE,Reviewed curated reaction,Reactome,https://reactome.org/content/detail/R-HSA-8944229,Fixed 1:1:1 heterotrimer.
CAT19,X,Type X homotrimer,(COL10A1)3,COL10A1,3,Included,TRUE,Reviewed curated reaction,Reactome,https://reactome.org/content/detail/R-HSA-8944262,Fixed homotrimer.
CAT20,XI,Type XI heterotrimer,(COL11A1)1(COL11A2)1(COL2A1)1,COL11A1; COL11A2; COL2A1,3,Included,TRUE,Reviewed curated reaction,Reactome,https://reactome.org/content/detail/R-HSA-8944266,The alpha3(XI) chain is encoded by COL2A1.
CAT21,XII,Type XII homotrimer,(COL12A1)3,COL12A1,3,Included,TRUE,Reviewed curated reaction,Reactome,https://reactome.org/content/detail/R-HSA-8944232,Fixed homotrimer.
CAT22,XIII,Type XIII homotrimer,(COL13A1)3,COL13A1,3,Included,TRUE,Reviewed curated reaction,Reactome,https://reactome.org/content/detail/R-HSA-8944261,Fixed homotrimer.
CAT23,XIV,Type XIV homotrimer,(COL14A1)3,COL14A1,3,Included,TRUE,Reviewed curated reaction,Reactome,https://reactome.org/content/detail/R-HSA-8944236,Fixed homotrimer.
CAT24,XV,Type XV homotrimer,(COL15A1)3,COL15A1,3,Included,TRUE,Reviewed curated reaction,Reactome,https://reactome.org/content/detail/R-HSA-8944216,Fixed homotrimer.
CAT25,XVI,Type XVI homotrimer,(COL16A1)3,COL16A1,3,Included,TRUE,Reviewed curated reaction,Reactome,https://reactome.org/content/detail/R-HSA-8944219,Fixed homotrimer.
CAT26,XVII,Type XVII homotrimer,(COL17A1)3,COL17A1,3,Included,TRUE,Reviewed curated reaction,Reactome,https://reactome.org/content/detail/R-HSA-8944225,Fixed homotrimeric transmembrane collagen.
CAT27,XVIII,Type XVIII homotrimer,(COL18A1)3,COL18A1,3,Included,TRUE,Reviewed curated reaction,Reactome,https://reactome.org/content/detail/R-HSA-8944230,Gene-level model combines transcript isoforms.
CAT28,XIX,Type XIX homotrimer,(COL19A1)3,COL19A1,3,Included,TRUE,Reviewed curated reaction,Reactome,https://reactome.org/content/detail/R-HSA-8944233,Fixed homotrimer.
CAT29,XX,Type XX homotrimer,(COL20A1)3,COL20A1,3,Included,TRUE,Reviewed curated reaction,Reactome,https://reactome.org/content/detail/R-HSA-8944215,Fixed homotrimer.
CAT30,XXI,Type XXI homotrimer,(COL21A1)3,COL21A1,3,Included,TRUE,Reviewed curated reaction,Reactome,https://reactome.org/content/detail/R-HSA-8944246,Fixed homotrimer.
CAT31,XXII,Type XXII homotrimer,(COL22A1)3,COL22A1,3,Included,TRUE,Reviewed curated reaction,Reactome,https://reactome.org/content/detail/R-HSA-8944227,Fixed homotrimer.
CAT32,XXIII,Type XXIII homotrimer,(COL23A1)3,COL23A1,3,Included,TRUE,Reviewed curated reaction,Reactome,https://reactome.org/content/detail/R-HSA-8944220,Fixed homotrimer.
CAT33,XXIV,Type XXIV homotrimer,(COL24A1)3,COL24A1,3,Included,TRUE,Reviewed curated reaction,Reactome,https://reactome.org/content/detail/R-HSA-8944257,Fixed homotrimer.
CAT34,XXV,Type XXV homotrimer,(COL25A1)3,COL25A1,3,Included,TRUE,Reviewed curated reaction,Reactome,https://reactome.org/content/detail/R-HSA-8944250,Fixed homotrimer.
CAT35,XXVI,Type XXVI homotrimer,(COL26A1)3,COL26A1,3,Included,TRUE,Reviewed curated reaction,Reactome,https://reactome.org/content/detail/R-HSA-8944254,COL26A1 is also known historically as EMID2.
CAT36,XXVII,Type XXVII homotrimer,(COL27A1)3,COL27A1,3,Included,TRUE,Reviewed curated reaction,Reactome,https://reactome.org/content/detail/R-HSA-8944242,Fixed homotrimer.
CAT37,XXVIII,Type XXVIII homotrimer,(COL28A1)3,COL28A1,3,Included,TRUE,Proposed alignment in primary research,Nature Communications,https://www.nature.com/articles/s41467-024-54046-y,Reactome trimerization pathway currently stops at type XXVII; type XXVIII added from the 28-type human collagen analysis.
