"ECM complex","Component genes","Assembly Type","Subunit Stoichiometry","Integrin heterodimer","Integrin genes","Source","Evidence ID"
"Agrin","AGRN","Monomer","(AGRN)1","αVβ1","ITGAV; ITGB1","Reactome","R-HSA-2467436"
"Arresten","COL4A1","Fragment","Not applicable (fragment)","α1β1","ITGA1; ITGB1","Reactome; MatrixDB","R-HSA-4084912; matrixdb:MULT_19_human__PFRAG_8_human_16151532_MatrixDB_1"
"Bone sialoprotein 2","IBSP","Monomer","(IBSP)1","αVβ3","ITGAV; ITGB3","Reactome; CellChatDB","R-HSA-265427; CellChatDB:IBSP_ITGAV_ITGB3 [KEGG: hsa04512]"
"Bone sialoprotein 2","IBSP","Monomer","(IBSP)1","αVβ5","ITGAV; ITGB5","CellChatDB","CellChatDB:IBSP_ITGAV_ITGB5 [KEGG: hsa04512]"
"Canstatin","COL4A2","Fragment","Not applicable (fragment)","αVβ3","ITGAV; ITGB3","Reactome; MatrixDB","R-HSA-4085087; matrixdb:MULT_16_human__PFRAG_7_human_15899827_MatrixDB_1; matrixdb:MULT_16_human__PFRAG_7_human_15899827_MatrixDB_2"
"Canstatin","COL4A2","Fragment","Not applicable (fragment)","αVβ5","ITGAV; ITGB5","Reactome; MatrixDB","R-HSA-4085087; matrixdb:MULT_17_human__PFRAG_7_human_15899827_MatrixDB_1; matrixdb:MULT_17_human__PFRAG_7_human_15899827_MatrixDB_2"
"Cartilage oligomeric matrix protein","COMP","Homopentamer","(COMP)5","α3β1","ITGA3; ITGB1","CellChatDB","CellChatDB:COMP_ITGA3_ITGB1 [KEGG: hsa04512]"
"Cartilage oligomeric matrix protein","COMP","Homopentamer","(COMP)5","α5β1","ITGA5; ITGB1","Reactome","R-HSA-2426259"
"Cartilage oligomeric matrix protein","COMP","Homopentamer","(COMP)5","αVβ3","ITGAV; ITGB3","Reactome; CellChatDB","R-HSA-2426259; CellChatDB:COMP_ITGAV_ITGB3 [KEGG: hsa04512]"
"CHAD","CHAD","Monomer","(CHAD)1","α2β1","ITGA2; ITGB1","CellChatDB","CellChatDB:CHAD_ITGA2_ITGB1 [KEGG: hsa04512]"
"Collagen I","COL1A1; COL1A2","Heterotrimer","(COL1A1)2(COL1A2)1","α1β1","ITGA1; ITGB1","Reactome; CellChatDB","R-HSA-114563; CellChatDB:COL1A1_ITGA1_ITGB1 [KEGG: hsa04512] | CellChatDB:COL1A2_ITGA1_ITGB1 [KEGG: hsa04512]"
"Collagen I","COL1A1; COL1A2","Heterotrimer","(COL1A1)2(COL1A2)1","α10β1","ITGA10; ITGB1","Reactome; CellChatDB","R-HSA-114563; CellChatDB:COL1A1_ITGA10_ITGB1 [KEGG: hsa04512] | CellChatDB:COL1A2_ITGA10_ITGB1 [KEGG: hsa04512]"
"Collagen I","COL1A1; COL1A2","Heterotrimer","(COL1A1)2(COL1A2)1","α11β1","ITGA11; ITGB1","Reactome; CellChatDB","R-HSA-216045; CellChatDB:COL1A1_ITGA11_ITGB1 [KEGG: hsa04512] | CellChatDB:COL1A2_ITGA11_ITGB1 [KEGG: hsa04512]"
"Collagen I","COL1A1; COL1A2","Heterotrimer","(COL1A1)2(COL1A2)1","α2β1","ITGA2; ITGB1","Reactome; CellChatDB","R-HSA-114563; CellChatDB:COL1A1_ITGA2_ITGB1 [KEGG: hsa04512] | CellChatDB:COL1A2_ITGA2_ITGB1 [KEGG: hsa04512]"
"Collagen I","COL1A1; COL1A2","Heterotrimer","(COL1A1)2(COL1A2)1","α3β1","ITGA3; ITGB1","CellChatDB","CellChatDB:COL1A1_ITGA3_ITGB1 [KEGG: hsa04512] | CellChatDB:COL1A2_ITGA3_ITGB1 [KEGG: hsa04512]"
"Collagen I","COL1A1; COL1A2","Heterotrimer","(COL1A1)2(COL1A2)1","α9β1","ITGA9; ITGB1","CellChatDB","CellChatDB:COL1A1_ITGA9_ITGB1 [KEGG: hsa04512] | CellChatDB:COL1A2_ITGA9_ITGB1 [KEGG: hsa04512]"
"Collagen I","COL1A1; COL1A2","Heterotrimer","(COL1A1)2(COL1A2)1","αVβ8","ITGAV; ITGB8","CellChatDB","CellChatDB:COL1A1_ITGAV_ITGB8 [KEGG: hsa04512] | CellChatDB:COL1A2_ITGAV_ITGB8 [KEGG: hsa04512]"
"Collagen II","COL2A1","Homotrimer","(COL2A1)3","α1β1","ITGA1; ITGB1","Reactome; CellChatDB","R-HSA-4084910; CellChatDB:COL2A1_ITGA1_ITGB1 [KEGG: hsa04512]"
"Collagen II","COL2A1","Homotrimer","(COL2A1)3","α10β1","ITGA10; ITGB1","Reactome; CellChatDB","R-HSA-216043; CellChatDB:COL2A1_ITGA10_ITGB1 [KEGG: hsa04512]"
"Collagen II","COL2A1","Homotrimer","(COL2A1)3","α11β1","ITGA11; ITGB1","Reactome; CellChatDB","R-HSA-4084910; CellChatDB:COL2A1_ITGA11_ITGB1 [KEGG: hsa04512]"
"Collagen II","COL2A1","Homotrimer","(COL2A1)3","α2β1","ITGA2; ITGB1","Reactome; CellChatDB","R-HSA-4084910; CellChatDB:COL2A1_ITGA2_ITGB1 [KEGG: hsa04512]"
"Collagen II","COL2A1","Homotrimer","(COL2A1)3","α3β1","ITGA3; ITGB1","CellChatDB","CellChatDB:COL2A1_ITGA3_ITGB1 [KEGG: hsa04512]"
"Collagen II","COL2A1","Homotrimer","(COL2A1)3","α9β1","ITGA9; ITGB1","CellChatDB","CellChatDB:COL2A1_ITGA9_ITGB1 [KEGG: hsa04512]"
"Collagen II","COL2A1","Homotrimer","(COL2A1)3","αVβ8","ITGAV; ITGB8","CellChatDB","CellChatDB:COL2A1_ITGAV_ITGB8 [KEGG: hsa04512]"
"Collagen III","COL3A1","Homotrimer","(COL3A1)3","α1β1","ITGA1; ITGB1","Reactome","R-HSA-2327695"
"Collagen III","COL3A1","Homotrimer","(COL3A1)3","α10β1","ITGA10; ITGB1","Reactome","R-HSA-2327695"
"Collagen III","COL3A1","Homotrimer","(COL3A1)3","α2β1","ITGA2; ITGB1","Reactome","R-HSA-2327695"
"Collagen IV","COL4A1; COL4A2","Heterotrimer","(COL4A1)2(COL4A2)1","α1β1","ITGA1; ITGB1","Reactome; CellChatDB","R-HSA-2327695; R-HSA-216040; CellChatDB:COL4A1_ITGA1_ITGB1 [KEGG: hsa04512] | CellChatDB:COL4A2_ITGA1_ITGB1 [KEGG: hsa04512]"
"Collagen IV","COL4A1; COL4A2; COL4A5; COL4A6","Polymer/Network","Variable / not uniquely defined","α1β1","ITGA1; ITGB1","Reactome; CellChatDB","R-HSA-2327695; R-HSA-216040; CellChatDB:COL4A1_ITGA1_ITGB1 [KEGG: hsa04512] | CellChatDB:COL4A2_ITGA1_ITGB1 [KEGG: hsa04512] | CellChatDB:COL4A5_ITGA1_ITGB1 [KEGG: hsa04512] | CellChatDB:COL4A6_ITGA1_ITGB1 [KEGG: hsa04512]"
"Collagen IV","COL4A3; COL4A4; COL4A5","Heterotrimer","(COL4A3)1(COL4A4)1(COL4A5)1","α1β1","ITGA1; ITGB1","Reactome; CellChatDB","R-HSA-2327695; R-HSA-216040; CellChatDB:COL4A3_ITGA1_ITGB1 [KEGG: hsa04512] | CellChatDB:COL4A4_ITGA1_ITGB1 [KEGG: hsa04512] | CellChatDB:COL4A5_ITGA1_ITGB1 [KEGG: hsa04512]"
"Collagen IV","COL4A5; COL4A6","Heterotrimer","(COL4A5)2(COL4A6)1","α1β1","ITGA1; ITGB1","CellChatDB","CellChatDB:COL4A5_ITGA1_ITGB1 [KEGG: hsa04512] | CellChatDB:COL4A6_ITGA1_ITGB1 [KEGG: hsa04512]"
"Collagen IV","COL4A1; COL4A2","Heterotrimer","(COL4A1)2(COL4A2)1","α10β1","ITGA10; ITGB1","Reactome; CellChatDB","R-HSA-2327695; R-HSA-216040; R-HSA-4539779; CellChatDB:COL4A1_ITGA10_ITGB1 [KEGG: hsa04512] | CellChatDB:COL4A2_ITGA10_ITGB1 [KEGG: hsa04512]"
"Collagen IV","COL4A1; COL4A2; COL4A5; COL4A6","Polymer/Network","Variable / not uniquely defined","α10β1","ITGA10; ITGB1","Reactome; CellChatDB","R-HSA-2327695; R-HSA-216040; R-HSA-4539779; CellChatDB:COL4A1_ITGA10_ITGB1 [KEGG: hsa04512] | CellChatDB:COL4A2_ITGA10_ITGB1 [KEGG: hsa04512] | CellChatDB:COL4A5_ITGA10_ITGB1 [KEGG: hsa04512] | CellChatDB:COL4A6_ITGA10_ITGB1 [KEGG: hsa04512]"
"Collagen IV","COL4A3; COL4A4; COL4A5","Heterotrimer","(COL4A3)1(COL4A4)1(COL4A5)1","α10β1","ITGA10; ITGB1","Reactome; CellChatDB","R-HSA-2327695; R-HSA-216040; R-HSA-4539779; CellChatDB:COL4A3_ITGA10_ITGB1 [KEGG: hsa04512] | CellChatDB:COL4A4_ITGA10_ITGB1 [KEGG: hsa04512] | CellChatDB:COL4A5_ITGA10_ITGB1 [KEGG: hsa04512]"
"Collagen IV","COL4A5; COL4A6","Heterotrimer","(COL4A5)2(COL4A6)1","α10β1","ITGA10; ITGB1","CellChatDB","CellChatDB:COL4A5_ITGA10_ITGB1 [KEGG: hsa04512] | CellChatDB:COL4A6_ITGA10_ITGB1 [KEGG: hsa04512]"
"Collagen IV","COL4A1; COL4A2","Heterotrimer","(COL4A1)2(COL4A2)1","α11β1","ITGA11; ITGB1","CellChatDB","CellChatDB:COL4A1_ITGA11_ITGB1 [KEGG: hsa04512] | CellChatDB:COL4A2_ITGA11_ITGB1 [KEGG: hsa04512]"
"Collagen IV","COL4A1; COL4A2; COL4A5; COL4A6","Polymer/Network","Variable / not uniquely defined","α11β1","ITGA11; ITGB1","CellChatDB","CellChatDB:COL4A1_ITGA11_ITGB1 [KEGG: hsa04512] | CellChatDB:COL4A2_ITGA11_ITGB1 [KEGG: hsa04512] | CellChatDB:COL4A5_ITGA11_ITGB1 [KEGG: hsa04512] | CellChatDB:COL4A6_ITGA11_ITGB1 [KEGG: hsa04512]"
"Collagen IV","COL4A3; COL4A4; COL4A5","Heterotrimer","(COL4A3)1(COL4A4)1(COL4A5)1","α11β1","ITGA11; ITGB1","CellChatDB","CellChatDB:COL4A3_ITGA11_ITGB1 [KEGG: hsa04512] | CellChatDB:COL4A4_ITGA11_ITGB1 [KEGG: hsa04512] | CellChatDB:COL4A5_ITGA11_ITGB1 [KEGG: hsa04512]"
"Collagen IV","COL4A5; COL4A6","Heterotrimer","(COL4A5)2(COL4A6)1","α11β1","ITGA11; ITGB1","CellChatDB","CellChatDB:COL4A5_ITGA11_ITGB1 [KEGG: hsa04512] | CellChatDB:COL4A6_ITGA11_ITGB1 [KEGG: hsa04512]"
"Collagen IV","COL4A1; COL4A2","Heterotrimer","(COL4A1)2(COL4A2)1","α2β1","ITGA2; ITGB1","Reactome; CellChatDB","R-HSA-2327695; R-HSA-216040; CellChatDB:COL4A1_ITGA2_ITGB1 [KEGG: hsa04512] | CellChatDB:COL4A2_ITGA2_ITGB1 [KEGG: hsa04512]"
"Collagen IV","COL4A1; COL4A2; COL4A5; COL4A6","Polymer/Network","Variable / not uniquely defined","α2β1","ITGA2; ITGB1","Reactome; CellChatDB","R-HSA-2327695; R-HSA-216040; CellChatDB:COL4A1_ITGA2_ITGB1 [KEGG: hsa04512] | CellChatDB:COL4A2_ITGA2_ITGB1 [KEGG: hsa04512] | CellChatDB:COL4A5_ITGA2_ITGB1 [KEGG: hsa04512] | CellChatDB:COL4A6_ITGA2_ITGB1 [KEGG: hsa04512]"
"Collagen IV","COL4A3; COL4A4; COL4A5","Heterotrimer","(COL4A3)1(COL4A4)1(COL4A5)1","α2β1","ITGA2; ITGB1","Reactome; CellChatDB","R-HSA-2327695; R-HSA-216040; CellChatDB:COL4A3_ITGA2_ITGB1 [KEGG: hsa04512] | CellChatDB:COL4A4_ITGA2_ITGB1 [KEGG: hsa04512] | CellChatDB:COL4A5_ITGA2_ITGB1 [KEGG: hsa04512]"
"Collagen IV","COL4A5; COL4A6","Heterotrimer","(COL4A5)2(COL4A6)1","α2β1","ITGA2; ITGB1","CellChatDB","CellChatDB:COL4A5_ITGA2_ITGB1 [KEGG: hsa04512] | CellChatDB:COL4A6_ITGA2_ITGB1 [KEGG: hsa04512]"
"Collagen IV","COL4A1; COL4A2","Heterotrimer","(COL4A1)2(COL4A2)1","α3β1","ITGA3; ITGB1","CellChatDB","CellChatDB:COL4A1_ITGA3_ITGB1 [KEGG: hsa04512] | CellChatDB:COL4A2_ITGA3_ITGB1 [KEGG: hsa04512]"
"Collagen IV","COL4A1; COL4A2; COL4A5; COL4A6","Polymer/Network","Variable / not uniquely defined","α3β1","ITGA3; ITGB1","CellChatDB","CellChatDB:COL4A1_ITGA3_ITGB1 [KEGG: hsa04512] | CellChatDB:COL4A2_ITGA3_ITGB1 [KEGG: hsa04512] | CellChatDB:COL4A5_ITGA3_ITGB1 [KEGG: hsa04512] | CellChatDB:COL4A6_ITGA3_ITGB1 [KEGG: hsa04512]"
"Collagen IV","COL4A3; COL4A4; COL4A5","Heterotrimer","(COL4A3)1(COL4A4)1(COL4A5)1","α3β1","ITGA3; ITGB1","CellChatDB","CellChatDB:COL4A3_ITGA3_ITGB1 [KEGG: hsa04512] | CellChatDB:COL4A4_ITGA3_ITGB1 [KEGG: hsa04512] | CellChatDB:COL4A5_ITGA3_ITGB1 [KEGG: hsa04512]"
"Collagen IV","COL4A5; COL4A6","Heterotrimer","(COL4A5)2(COL4A6)1","α3β1","ITGA3; ITGB1","CellChatDB","CellChatDB:COL4A5_ITGA3_ITGB1 [KEGG: hsa04512] | CellChatDB:COL4A6_ITGA3_ITGB1 [KEGG: hsa04512]"
"Collagen IV","COL4A1; COL4A2","Heterotrimer","(COL4A1)2(COL4A2)1","α9β1","ITGA9; ITGB1","CellChatDB","CellChatDB:COL4A1_ITGA9_ITGB1 [KEGG: hsa04512] | CellChatDB:COL4A2_ITGA9_ITGB1 [KEGG: hsa04512]"
"Collagen IV","COL4A1; COL4A2; COL4A5; COL4A6","Polymer/Network","Variable / not uniquely defined","α9β1","ITGA9; ITGB1","CellChatDB","CellChatDB:COL4A1_ITGA9_ITGB1 [KEGG: hsa04512] | CellChatDB:COL4A2_ITGA9_ITGB1 [KEGG: hsa04512] | CellChatDB:COL4A5_ITGA9_ITGB1 [KEGG: hsa04512] | CellChatDB:COL4A6_ITGA9_ITGB1 [KEGG: hsa04512]"
"Collagen IV","COL4A3; COL4A4; COL4A5","Heterotrimer","(COL4A3)1(COL4A4)1(COL4A5)1","α9β1","ITGA9; ITGB1","CellChatDB","CellChatDB:COL4A3_ITGA9_ITGB1 [KEGG: hsa04512] | CellChatDB:COL4A4_ITGA9_ITGB1 [KEGG: hsa04512] | CellChatDB:COL4A5_ITGA9_ITGB1 [KEGG: hsa04512]"
"Collagen IV","COL4A5; COL4A6","Heterotrimer","(COL4A5)2(COL4A6)1","α9β1","ITGA9; ITGB1","CellChatDB","CellChatDB:COL4A5_ITGA9_ITGB1 [KEGG: hsa04512] | CellChatDB:COL4A6_ITGA9_ITGB1 [KEGG: hsa04512]"
"Collagen IV","COL4A1; COL4A2","Heterotrimer","(COL4A1)2(COL4A2)1","αVβ8","ITGAV; ITGB8","CellChatDB","CellChatDB:COL4A1_ITGAV_ITGB8 [KEGG: hsa04512] | CellChatDB:COL4A2_ITGAV_ITGB8 [KEGG: hsa04512]"
"Collagen IV","COL4A1; COL4A2; COL4A5; COL4A6","Polymer/Network","Variable / not uniquely defined","αVβ8","ITGAV; ITGB8","CellChatDB","CellChatDB:COL4A1_ITGAV_ITGB8 [KEGG: hsa04512] | CellChatDB:COL4A2_ITGAV_ITGB8 [KEGG: hsa04512] | CellChatDB:COL4A5_ITGAV_ITGB8 [KEGG: hsa04512] | CellChatDB:COL4A6_ITGAV_ITGB8 [KEGG: hsa04512]"
"Collagen IV","COL4A3; COL4A4; COL4A5","Heterotrimer","(COL4A3)1(COL4A4)1(COL4A5)1","αVβ8","ITGAV; ITGB8","CellChatDB","CellChatDB:COL4A3_ITGAV_ITGB8 [KEGG: hsa04512] | CellChatDB:COL4A4_ITGAV_ITGB8 [KEGG: hsa04512] | CellChatDB:COL4A5_ITGAV_ITGB8 [KEGG: hsa04512]"
"Collagen IV","COL4A5; COL4A6","Heterotrimer","(COL4A5)2(COL4A6)1","αVβ8","ITGAV; ITGB8","CellChatDB","CellChatDB:COL4A5_ITGAV_ITGB8 [KEGG: hsa04512] | CellChatDB:COL4A6_ITGAV_ITGB8 [KEGG: hsa04512]"
"Collagen IX","COL9A1; COL9A2; COL9A3","Heterotrimer","(COL9A1)1(COL9A2)1(COL9A3)1","α1β1","ITGA1; ITGB1","Reactome; CellChatDB","R-HSA-2327695; CellChatDB:COL9A1_ITGA1_ITGB1 [KEGG: hsa04512] | CellChatDB:COL9A2_ITGA1_ITGB1 [KEGG: hsa04512] | CellChatDB:COL9A3_ITGA1_ITGB1 [KEGG: hsa04512]"
"Collagen IX","COL9A1; COL9A2; COL9A3","Heterotrimer","(COL9A1)1(COL9A2)1(COL9A3)1","α10β1","ITGA10; ITGB1","Reactome; CellChatDB","R-HSA-2327695; R-HSA-4084903; CellChatDB:COL9A1_ITGA10_ITGB1 [KEGG: hsa04512] | CellChatDB:COL9A2_ITGA10_ITGB1 [KEGG: hsa04512] | CellChatDB:COL9A3_ITGA10_ITGB1 [KEGG: hsa04512]"
"Collagen IX","COL9A1; COL9A2; COL9A3","Heterotrimer","(COL9A1)1(COL9A2)1(COL9A3)1","α11β1","ITGA11; ITGB1","Reactome; CellChatDB","R-HSA-4086223; CellChatDB:COL9A1_ITGA11_ITGB1 [KEGG: hsa04512] | CellChatDB:COL9A2_ITGA11_ITGB1 [KEGG: hsa04512] | CellChatDB:COL9A3_ITGA11_ITGB1 [KEGG: hsa04512]"
"Collagen IX","COL9A1; COL9A2; COL9A3","Heterotrimer","(COL9A1)1(COL9A2)1(COL9A3)1","α2β1","ITGA2; ITGB1","Reactome; CellChatDB","R-HSA-2327695; CellChatDB:COL9A1_ITGA2_ITGB1 [KEGG: hsa04512] | CellChatDB:COL9A2_ITGA2_ITGB1 [KEGG: hsa04512] | CellChatDB:COL9A3_ITGA2_ITGB1 [KEGG: hsa04512]"
"Collagen IX","COL9A1; COL9A2; COL9A3","Heterotrimer","(COL9A1)1(COL9A2)1(COL9A3)1","α3β1","ITGA3; ITGB1","CellChatDB","CellChatDB:COL9A1_ITGA3_ITGB1 [KEGG: hsa04512] | CellChatDB:COL9A2_ITGA3_ITGB1 [KEGG: hsa04512] | CellChatDB:COL9A3_ITGA3_ITGB1 [KEGG: hsa04512]"
"Collagen IX","COL9A1; COL9A2; COL9A3","Heterotrimer","(COL9A1)1(COL9A2)1(COL9A3)1","α9β1","ITGA9; ITGB1","CellChatDB","CellChatDB:COL9A1_ITGA9_ITGB1 [KEGG: hsa04512] | CellChatDB:COL9A2_ITGA9_ITGB1 [KEGG: hsa04512] | CellChatDB:COL9A3_ITGA9_ITGB1 [KEGG: hsa04512]"
"Collagen IX","COL9A1; COL9A2; COL9A3","Heterotrimer","(COL9A1)1(COL9A2)1(COL9A3)1","αVβ8","ITGAV; ITGB8","CellChatDB","CellChatDB:COL9A1_ITGAV_ITGB8 [KEGG: hsa04512] | CellChatDB:COL9A2_ITGAV_ITGB8 [KEGG: hsa04512] | CellChatDB:COL9A3_ITGAV_ITGB8 [KEGG: hsa04512]"
"Collagen V","COL5A1; COL5A2","Heterotrimer","(COL5A1)2(COL5A2)1","α1β1","ITGA1; ITGB1","Reactome","R-HSA-2327695"
"Collagen V","COL5A1; COL5A2; COL5A3","Heterotrimer","(COL5A1)1(COL5A2)1(COL5A3)1","α1β1","ITGA1; ITGB1","Reactome","R-HSA-2327695"
"Collagen V","COL5A3","Unknown","Not determined","α1β1","ITGA1; ITGB1","Reactome","R-HSA-2327695"
"Collagen V","COL5A1; COL5A2","Heterotrimer","(COL5A1)2(COL5A2)1","α10β1","ITGA10; ITGB1","Reactome","R-HSA-2327695"
"Collagen V","COL5A1; COL5A2; COL5A3","Heterotrimer","(COL5A1)1(COL5A2)1(COL5A3)1","α10β1","ITGA10; ITGB1","Reactome","R-HSA-2327695"
"Collagen V","COL5A3","Unknown","Not determined","α10β1","ITGA10; ITGB1","Reactome","R-HSA-2327695"
"Collagen V","COL5A1; COL5A2","Heterotrimer","(COL5A1)2(COL5A2)1","α2β1","ITGA2; ITGB1","Reactome","R-HSA-2327695"
"Collagen V","COL5A1; COL5A2; COL5A3","Heterotrimer","(COL5A1)1(COL5A2)1(COL5A3)1","α2β1","ITGA2; ITGB1","Reactome","R-HSA-2327695"
"Collagen V","COL5A3","Unknown","Not determined","α2β1","ITGA2; ITGB1","Reactome","R-HSA-2327695"
"Collagen VI","COL6A1; COL6A2; COL6A3","Heterotrimer","(COL6A1)1(COL6A2)1(COL6A3)1","α1β1","ITGA1; ITGB1","Reactome; CellChatDB","R-HSA-2327695; CellChatDB:COL6A1_ITGA1_ITGB1 [KEGG: hsa04512] | CellChatDB:COL6A2_ITGA1_ITGB1 [KEGG: hsa04512] | CellChatDB:COL6A3_ITGA1_ITGB1 [KEGG: hsa04512]"
"Collagen VI","COL6A1; COL6A2; COL6A3","Heterotrimer","(COL6A1)1(COL6A2)1(COL6A3)1","α10β1","ITGA10; ITGB1","Reactome; CellChatDB","R-HSA-2327695; R-HSA-4084903; CellChatDB:COL6A1_ITGA10_ITGB1 [KEGG: hsa04512] | CellChatDB:COL6A2_ITGA10_ITGB1 [KEGG: hsa04512] | CellChatDB:COL6A3_ITGA10_ITGB1 [KEGG: hsa04512]"
"Collagen VI","COL6A1; COL6A2; COL6A3","Heterotrimer","(COL6A1)1(COL6A2)1(COL6A3)1","α11β1","ITGA11; ITGB1","CellChatDB","CellChatDB:COL6A1_ITGA11_ITGB1 [KEGG: hsa04512] | CellChatDB:COL6A2_ITGA11_ITGB1 [KEGG: hsa04512] | CellChatDB:COL6A3_ITGA11_ITGB1 [KEGG: hsa04512]"
"Collagen VI","COL6A1; COL6A2; COL6A3","Heterotrimer","(COL6A1)1(COL6A2)1(COL6A3)1","α2β1","ITGA2; ITGB1","Reactome; CellChatDB","R-HSA-2327695; CellChatDB:COL6A1_ITGA2_ITGB1 [KEGG: hsa04512] | CellChatDB:COL6A2_ITGA2_ITGB1 [KEGG: hsa04512] | CellChatDB:COL6A3_ITGA2_ITGB1 [KEGG: hsa04512]"
"Collagen VI","COL6A1; COL6A2; COL6A3","Heterotrimer","(COL6A1)1(COL6A2)1(COL6A3)1","α3β1","ITGA3; ITGB1","CellChatDB","CellChatDB:COL6A1_ITGA3_ITGB1 [KEGG: hsa04512] | CellChatDB:COL6A2_ITGA3_ITGB1 [KEGG: hsa04512] | CellChatDB:COL6A3_ITGA3_ITGB1 [KEGG: hsa04512]"
"Collagen VI","COL6A1; COL6A2; COL6A3","Heterotrimer","(COL6A1)1(COL6A2)1(COL6A3)1","α9β1","ITGA9; ITGB1","CellChatDB","CellChatDB:COL6A1_ITGA9_ITGB1 [KEGG: hsa04512] | CellChatDB:COL6A2_ITGA9_ITGB1 [KEGG: hsa04512] | CellChatDB:COL6A3_ITGA9_ITGB1 [KEGG: hsa04512]"
"Collagen VI","COL6A1; COL6A2; COL6A3","Heterotrimer","(COL6A1)1(COL6A2)1(COL6A3)1","αVβ3","ITGAV; ITGB3","MatrixDB","matrixdb:MULT_16_human__MULT_8_human_19542224_MatrixDB_1"
"Collagen VI","COL6A1; COL6A2; COL6A3","Heterotrimer","(COL6A1)1(COL6A2)1(COL6A3)1","αVβ8","ITGAV; ITGB8","CellChatDB","CellChatDB:COL6A1_ITGAV_ITGB8 [KEGG: hsa04512] | CellChatDB:COL6A2_ITGAV_ITGB8 [KEGG: hsa04512] | CellChatDB:COL6A3_ITGAV_ITGB8 [KEGG: hsa04512]"
"Collagen VII","COL7A1","Homotrimer","(COL7A1)3","α2β1","ITGA2; ITGB1","Reactome","R-HSA-4086216"
"Collagen VIII","COL8A1; COL8A2","Heterotrimer","(COL8A1)x(COL8A2)y; x+y=3","α1β1","ITGA1; ITGB1","Reactome","R-HSA-2327695"
"Collagen VIII","COL8A1; COL8A2","Heterotrimer","(COL8A1)x(COL8A2)y; x+y=3","α10β1","ITGA10; ITGB1","Reactome","R-HSA-2327695"
"Collagen VIII","COL8A1; COL8A2","Heterotrimer","(COL8A1)x(COL8A2)y; x+y=3","α2β1","ITGA2; ITGB1","Reactome","R-HSA-2327695"
"Collagen X","COL10A1","Homotrimer","(COL10A1)3","α2β1","ITGA2; ITGB1","Reactome","R-HSA-2470555"
"Collagen XIII","COL13A1","Homotrimer","(COL13A1)3","α1β1","ITGA1; ITGB1","Reactome","R-HSA-2484965"
"Collagen XVI","COL16A1","Homotrimer","(COL16A1)3","α1β1","ITGA1; ITGB1","Reactome","R-HSA-2327695"
"Collagen XVI","COL16A1","Homotrimer","(COL16A1)3","α10β1","ITGA10; ITGB1","Reactome","R-HSA-2327695"
"Collagen XVI","COL16A1","Homotrimer","(COL16A1)3","α2β1","ITGA2; ITGB1","Reactome","R-HSA-2327695"
"Collagen XXIII","COL23A1","Homotrimer","(COL23A1)3","α2β1","ITGA2; ITGB1","Reactome","R-HSA-2473511"
"DMP1","DMP1","Unknown","Not determined","αVβ3","ITGAV; ITGB3","CellChatDB","CellChatDB:DMP1_ITGAV_ITGB3 [KEGG: hsa04512]"
"DSPP","DSPP","Unknown","Not determined","αVβ1","ITGAV; ITGB1","CellChatDB","CellChatDB:DSPP_ITGAV_ITGB1 [KEGG: hsa04512]"
"DSPP","DSPP","Unknown","Not determined","αVβ6","ITGAV; ITGB6","CellChatDB","CellChatDB:DSPP_ITGAV_ITGB6 [KEGG: hsa04512]"
"Endorepellin","HSPG2","Fragment","Not applicable (fragment)","α2β1","ITGA2; ITGB1","Reactome","R-HSA-4088220"
"Endostatin","COL18A1","Fragment","Not applicable (fragment)","α3β1","ITGA3; ITGB1","Reactome","R-HSA-4088264"
"Endostatin","COL18A1","Fragment","Not applicable (fragment)","α5β1","ITGA5; ITGB1","Reactome; MatrixDB","R-HSA-4088264; matrixdb:MULT_15_human__PFRAG_1_human_11158588_MatrixDB_1; matrixdb:MULT_15_human__PFRAG_1_human_12359771_MatrixDB_1; matrixdb:MULT_15_human__PFRAG_1_human_12682293_MatrixDB_1; matrixdb:MULT_15_human__PFRAG_1_human_19502598_MatrixDB_1; matrixdb:MULT_15_human__PFRAG_1_human_19502598_MatrixDB_2; matrixdb:MULT_15_human__PFRAG_1_human_19502598_MatrixDB_3; matrixdb:MULT_15_human__PFRAG_1_human_19542224_MatrixDB_1; matrixdb:MULT_15_human__PFRAG_3_human_19502598_MatrixDB_1; matrixdb:MULT_15_human__PFRAG_3_human_19502598_MatrixDB_2; matrixdb:MULT_15_human__PFRAG_3_human_19502598_MatrixDB_3; matrixdb:MULT_15_human__PFRAG_3_human_19502598_MatrixDB_4; matrixdb:MULT_15_human__PFRAG_3_human_19542224_MatrixDB_1"
"Endostatin","COL18A1","Fragment","Not applicable (fragment)","αVβ3","ITGAV; ITGB3","Reactome; MatrixDB","R-HSA-4088264; matrixdb:MULT_16_human__PFRAG_1_human_19502598_MatrixDB_1; matrixdb:MULT_16_human__PFRAG_1_human_19502598_MatrixDB_2; matrixdb:MULT_16_human__PFRAG_1_human_19502598_MatrixDB_3; matrixdb:MULT_16_human__PFRAG_1_human_19542224_MatrixDB_1; matrixdb:MULT_16_human__PFRAG_3_human_19502598_MatrixDB_1; matrixdb:MULT_16_human__PFRAG_3_human_19502598_MatrixDB_2; matrixdb:MULT_16_human__PFRAG_3_human_19502598_MatrixDB_3; matrixdb:MULT_16_human__PFRAG_3_human_19502598_MatrixDB_4; matrixdb:MULT_16_human__PFRAG_3_human_19542224_MatrixDB_1"
"Endostatin","COL18A1","Fragment","Not applicable (fragment)","αVβ5","ITGAV; ITGB5","Reactome; MatrixDB","R-HSA-4088264; matrixdb:MULT_17_human__PFRAG_1_human_19502598_MatrixDB_1"
"Fibrillin-1","FBN1","Polymer/Network","(FBN1)n","αVβ3","ITGAV; ITGB3","Reactome","R-HSA-265423"
"Fibrinogen","FGA; FGB; FGG","Heterohexamer","(FGA)2(FGB)2(FGG)2","αIIbβ3","ITGA2B; ITGB3","Reactome","R-HSA-114560"
"Fibrinogen","FGA; FGB; FGG","Heterohexamer","(FGA)2(FGB)2(FGG)2","αDβ2","ITGAD; ITGB2","Reactome","R-HSA-216069"
"Fibrinogen","FGA; FGB; FGG","Heterohexamer","(FGA)2(FGB)2(FGG)2","αXβ2","ITGAX; ITGB2","Reactome","R-HSA-216082"
"Fibronectin","FN1","Homodimer","(FN1)2","αIIbβ3","ITGA2B; ITGB3","Reactome; CellChatDB","R-HSA-349593; CellChatDB:FN1_ITGA2B_ITGB3 [KEGG: hsa04512]"
"Fibronectin","FN1","Homodimer","(FN1)2","α3β1","ITGA3; ITGB1","CellChatDB","CellChatDB:FN1_ITGA3_ITGB1 [KEGG: hsa04512]"
"Fibronectin","FN1","Homodimer","(FN1)2","α4β1","ITGA4; ITGB1","Reactome; CellChatDB","R-HSA-216050; CellChatDB:FN1_ITGA4_ITGB1 [KEGG: hsa04512]"
"Fibronectin","FN1","Homodimer","(FN1)2","α4β7","ITGA4; ITGB7","CellChatDB","CellChatDB:FN1_ITGA4_ITGB7 [KEGG: hsa04512]"
"Fibronectin","FN1","Homodimer","(FN1)2","α5β1","ITGA5; ITGB1","MatrixDB; CellChatDB","matrixdb:MULT_15_human__P02751_19502598_MatrixDB_1; CellChatDB:FN1_ITGA5_ITGB1 [KEGG: hsa04512]"
"Fibronectin","FN1","Homodimer","(FN1)2","α8β1","ITGA8; ITGB1","Reactome; CellChatDB","R-HSA-216050; CellChatDB:FN1_ITGA8_ITGB1 [KEGG: hsa04512]"
"Fibronectin","FN1","Homodimer","(FN1)2","αVβ1","ITGAV; ITGB1","Reactome; CellChatDB","R-HSA-216050; CellChatDB:FN1_ITGAV_ITGB1 [KEGG: hsa04512]"
"Fibronectin","FN1","Homodimer","(FN1)2","αVβ3","ITGAV; ITGB3","Reactome; MatrixDB; CellChatDB","R-HSA-216050; matrixdb:MULT_16_human__P02751_19502598_MatrixDB_1; CellChatDB:FN1_ITGAV_ITGB3 [KEGG: hsa04512]"
"Fibronectin","FN1","Homodimer","(FN1)2","αVβ6","ITGAV; ITGB6","Reactome; CellChatDB","R-HSA-216050; CellChatDB:FN1_ITGAV_ITGB6 [KEGG: hsa04512]"
"Fibronectin","FN1","Homodimer","(FN1)2","αVβ8","ITGAV; ITGB8","CellChatDB","CellChatDB:FN1_ITGAV_ITGB8 [KEGG: hsa04512]"
"Laminin-111","LAMA1; LAMB1; LAMC1","Heterotrimer","(LAMA1)1(LAMB1)1(LAMC1)1","α1β1","ITGA1; ITGB1","CellChatDB","CellChatDB:LAMA1_ITGA1_ITGB1 [KEGG: hsa04512] | CellChatDB:LAMB1_ITGA1_ITGB1 [KEGG: hsa04512] | CellChatDB:LAMC1_ITGA1_ITGB1 [KEGG: hsa04512]"
"Laminin-111","LAMA1; LAMB1; LAMC1","Heterotrimer","(LAMA1)1(LAMB1)1(LAMC1)1","α2β1","ITGA2; ITGB1","CellChatDB","CellChatDB:LAMA1_ITGA2_ITGB1 [KEGG: hsa04512] | CellChatDB:LAMB1_ITGA2_ITGB1 [KEGG: hsa04512] | CellChatDB:LAMC1_ITGA2_ITGB1 [KEGG: hsa04512]"
"Laminin-111","LAMA1; LAMB1; LAMC1","Heterotrimer","(LAMA1)1(LAMB1)1(LAMC1)1","α3β1","ITGA3; ITGB1","CellChatDB","CellChatDB:LAMA1_ITGA3_ITGB1 [KEGG: hsa04512] | CellChatDB:LAMB1_ITGA3_ITGB1 [KEGG: hsa04512] | CellChatDB:LAMC1_ITGA3_ITGB1 [KEGG: hsa04512]"
"Laminin-111","LAMA1; LAMB1; LAMC1","Heterotrimer","(LAMA1)1(LAMB1)1(LAMC1)1","α6β1","ITGA6; ITGB1","CellChatDB","CellChatDB:LAMA1_ITGA6_ITGB1 [KEGG: hsa04512] | CellChatDB:LAMB1_ITGA6_ITGB1 [KEGG: hsa04512] | CellChatDB:LAMC1_ITGA6_ITGB1 [KEGG: hsa04512]"
"Laminin-111","LAMA1; LAMB1; LAMC1","Heterotrimer","(LAMA1)1(LAMB1)1(LAMC1)1","α6β4","ITGA6; ITGB4","CellChatDB","CellChatDB:LAMA1_ITGA6_ITGB4 [KEGG: hsa04512] | CellChatDB:LAMB1_ITGA6_ITGB4 [KEGG: hsa04512] | CellChatDB:LAMC1_ITGA6_ITGB4 [KEGG: hsa04512]"
"Laminin-111","LAMA1; LAMB1; LAMC1","Heterotrimer","(LAMA1)1(LAMB1)1(LAMC1)1","α7β1","ITGA7; ITGB1","CellChatDB","CellChatDB:LAMA1_ITGA7_ITGB1 [KEGG: hsa04512] | CellChatDB:LAMB1_ITGA7_ITGB1 [KEGG: hsa04512] | CellChatDB:LAMC1_ITGA7_ITGB1 [KEGG: hsa04512]"
"Laminin-111","LAMA1; LAMB1; LAMC1","Heterotrimer","(LAMA1)1(LAMB1)1(LAMC1)1","α9β1","ITGA9; ITGB1","CellChatDB","CellChatDB:LAMA1_ITGA9_ITGB1 [KEGG: hsa04512] | CellChatDB:LAMB1_ITGA9_ITGB1 [KEGG: hsa04512] | CellChatDB:LAMC1_ITGA9_ITGB1 [KEGG: hsa04512]"
"Laminin-111","LAMA1; LAMB1; LAMC1","Heterotrimer","(LAMA1)1(LAMB1)1(LAMC1)1","αVβ8","ITGAV; ITGB8","CellChatDB","CellChatDB:LAMA1_ITGAV_ITGB8 [KEGG: hsa04512] | CellChatDB:LAMB1_ITGAV_ITGB8 [KEGG: hsa04512] | CellChatDB:LAMC1_ITGAV_ITGB8 [KEGG: hsa04512]"
"Laminin-121","LAMA1; LAMB2; LAMC1","Heterotrimer","(LAMA1)1(LAMB2)1(LAMC1)1","α1β1","ITGA1; ITGB1","CellChatDB","CellChatDB:LAMA1_ITGA1_ITGB1 [KEGG: hsa04512] | CellChatDB:LAMB2_ITGA1_ITGB1 [KEGG: hsa04512] | CellChatDB:LAMC1_ITGA1_ITGB1 [KEGG: hsa04512]"
"Laminin-121","LAMA1; LAMB2; LAMC1","Heterotrimer","(LAMA1)1(LAMB2)1(LAMC1)1","α2β1","ITGA2; ITGB1","CellChatDB","CellChatDB:LAMA1_ITGA2_ITGB1 [KEGG: hsa04512] | CellChatDB:LAMB2_ITGA2_ITGB1 [KEGG: hsa04512] | CellChatDB:LAMC1_ITGA2_ITGB1 [KEGG: hsa04512]"
"Laminin-121","LAMA1; LAMB2; LAMC1","Heterotrimer","(LAMA1)1(LAMB2)1(LAMC1)1","α3β1","ITGA3; ITGB1","CellChatDB","CellChatDB:LAMA1_ITGA3_ITGB1 [KEGG: hsa04512] | CellChatDB:LAMB2_ITGA3_ITGB1 [KEGG: hsa04512] | CellChatDB:LAMC1_ITGA3_ITGB1 [KEGG: hsa04512]"
"Laminin-121","LAMA1; LAMB2; LAMC1","Heterotrimer","(LAMA1)1(LAMB2)1(LAMC1)1","α6β1","ITGA6; ITGB1","CellChatDB","CellChatDB:LAMA1_ITGA6_ITGB1 [KEGG: hsa04512] | CellChatDB:LAMB2_ITGA6_ITGB1 [KEGG: hsa04512] | CellChatDB:LAMC1_ITGA6_ITGB1 [KEGG: hsa04512]"
"Laminin-121","LAMA1; LAMB2; LAMC1","Heterotrimer","(LAMA1)1(LAMB2)1(LAMC1)1","α6β4","ITGA6; ITGB4","CellChatDB","CellChatDB:LAMA1_ITGA6_ITGB4 [KEGG: hsa04512] | CellChatDB:LAMB2_ITGA6_ITGB4 [KEGG: hsa04512] | CellChatDB:LAMC1_ITGA6_ITGB4 [KEGG: hsa04512]"
"Laminin-121","LAMA1; LAMB2; LAMC1","Heterotrimer","(LAMA1)1(LAMB2)1(LAMC1)1","α7β1","ITGA7; ITGB1","CellChatDB","CellChatDB:LAMA1_ITGA7_ITGB1 [KEGG: hsa04512] | CellChatDB:LAMB2_ITGA7_ITGB1 [KEGG: hsa04512] | CellChatDB:LAMC1_ITGA7_ITGB1 [KEGG: hsa04512]"
"Laminin-121","LAMA1; LAMB2; LAMC1","Heterotrimer","(LAMA1)1(LAMB2)1(LAMC1)1","α9β1","ITGA9; ITGB1","CellChatDB","CellChatDB:LAMA1_ITGA9_ITGB1 [KEGG: hsa04512] | CellChatDB:LAMB2_ITGA9_ITGB1 [KEGG: hsa04512] | CellChatDB:LAMC1_ITGA9_ITGB1 [KEGG: hsa04512]"
"Laminin-121","LAMA1; LAMB2; LAMC1","Heterotrimer","(LAMA1)1(LAMB2)1(LAMC1)1","αVβ8","ITGAV; ITGB8","CellChatDB","CellChatDB:LAMA1_ITGAV_ITGB8 [KEGG: hsa04512] | CellChatDB:LAMB2_ITGAV_ITGB8 [KEGG: hsa04512] | CellChatDB:LAMC1_ITGAV_ITGB8 [KEGG: hsa04512]"
"Laminin-211","LAMA2; LAMB1; LAMC1","Heterotrimer","(LAMA2)1(LAMB1)1(LAMC1)1","α1β1","ITGA1; ITGB1","CellChatDB","CellChatDB:LAMA2_ITGA1_ITGB1 [KEGG: hsa04512] | CellChatDB:LAMB1_ITGA1_ITGB1 [KEGG: hsa04512] | CellChatDB:LAMC1_ITGA1_ITGB1 [KEGG: hsa04512]"
"Laminin-211","LAMA2; LAMB1; LAMC1","Heterotrimer","(LAMA2)1(LAMB1)1(LAMC1)1","α2β1","ITGA2; ITGB1","CellChatDB","CellChatDB:LAMA2_ITGA2_ITGB1 [KEGG: hsa04512] | CellChatDB:LAMB1_ITGA2_ITGB1 [KEGG: hsa04512] | CellChatDB:LAMC1_ITGA2_ITGB1 [KEGG: hsa04512]"
"Laminin-211","LAMA2; LAMB1; LAMC1","Heterotrimer","(LAMA2)1(LAMB1)1(LAMC1)1","α3β1","ITGA3; ITGB1","CellChatDB","CellChatDB:LAMA2_ITGA3_ITGB1 [KEGG: hsa04512] | CellChatDB:LAMB1_ITGA3_ITGB1 [KEGG: hsa04512] | CellChatDB:LAMC1_ITGA3_ITGB1 [KEGG: hsa04512]"
"Laminin-211","LAMA2; LAMB1; LAMC1","Heterotrimer","(LAMA2)1(LAMB1)1(LAMC1)1","α6β1","ITGA6; ITGB1","CellChatDB","CellChatDB:LAMA2_ITGA6_ITGB1 [KEGG: hsa04512] | CellChatDB:LAMB1_ITGA6_ITGB1 [KEGG: hsa04512] | CellChatDB:LAMC1_ITGA6_ITGB1 [KEGG: hsa04512]"
"Laminin-211","LAMA2; LAMB1; LAMC1","Heterotrimer","(LAMA2)1(LAMB1)1(LAMC1)1","α6β4","ITGA6; ITGB4","CellChatDB","CellChatDB:LAMA2_ITGA6_ITGB4 [KEGG: hsa04512] | CellChatDB:LAMB1_ITGA6_ITGB4 [KEGG: hsa04512] | CellChatDB:LAMC1_ITGA6_ITGB4 [KEGG: hsa04512]"
"Laminin-211","LAMA2; LAMB1; LAMC1","Heterotrimer","(LAMA2)1(LAMB1)1(LAMC1)1","α7β1","ITGA7; ITGB1","CellChatDB","CellChatDB:LAMA2_ITGA7_ITGB1 [KEGG: hsa04512] | CellChatDB:LAMB1_ITGA7_ITGB1 [KEGG: hsa04512] | CellChatDB:LAMC1_ITGA7_ITGB1 [KEGG: hsa04512]"
"Laminin-211","LAMA2; LAMB1; LAMC1","Heterotrimer","(LAMA2)1(LAMB1)1(LAMC1)1","α9β1","ITGA9; ITGB1","CellChatDB","CellChatDB:LAMA2_ITGA9_ITGB1 [KEGG: hsa04512] | CellChatDB:LAMB1_ITGA9_ITGB1 [KEGG: hsa04512] | CellChatDB:LAMC1_ITGA9_ITGB1 [KEGG: hsa04512]"
"Laminin-211","LAMA2; LAMB1; LAMC1","Heterotrimer","(LAMA2)1(LAMB1)1(LAMC1)1","αVβ8","ITGAV; ITGB8","CellChatDB","CellChatDB:LAMA2_ITGAV_ITGB8 [KEGG: hsa04512] | CellChatDB:LAMB1_ITGAV_ITGB8 [KEGG: hsa04512] | CellChatDB:LAMC1_ITGAV_ITGB8 [KEGG: hsa04512]"
"Laminin-213","LAMA2; LAMB1; LAMC3","Heterotrimer","(LAMA2)1(LAMB1)1(LAMC3)1","α1β1","ITGA1; ITGB1","CellChatDB","CellChatDB:LAMA2_ITGA1_ITGB1 [KEGG: hsa04512] | CellChatDB:LAMB1_ITGA1_ITGB1 [KEGG: hsa04512] | CellChatDB:LAMC3_ITGA1_ITGB1 [KEGG: hsa04512]"
"Laminin-213","LAMA2; LAMB1; LAMC3","Heterotrimer","(LAMA2)1(LAMB1)1(LAMC3)1","α2β1","ITGA2; ITGB1","CellChatDB","CellChatDB:LAMA2_ITGA2_ITGB1 [KEGG: hsa04512] | CellChatDB:LAMB1_ITGA2_ITGB1 [KEGG: hsa04512] | CellChatDB:LAMC3_ITGA2_ITGB1 [KEGG: hsa04512]"
"Laminin-213","LAMA2; LAMB1; LAMC3","Heterotrimer","(LAMA2)1(LAMB1)1(LAMC3)1","α3β1","ITGA3; ITGB1","CellChatDB","CellChatDB:LAMA2_ITGA3_ITGB1 [KEGG: hsa04512] | CellChatDB:LAMB1_ITGA3_ITGB1 [KEGG: hsa04512] | CellChatDB:LAMC3_ITGA3_ITGB1 [KEGG: hsa04512]"
"Laminin-213","LAMA2; LAMB1; LAMC3","Heterotrimer","(LAMA2)1(LAMB1)1(LAMC3)1","α6β1","ITGA6; ITGB1","CellChatDB","CellChatDB:LAMA2_ITGA6_ITGB1 [KEGG: hsa04512] | CellChatDB:LAMB1_ITGA6_ITGB1 [KEGG: hsa04512] | CellChatDB:LAMC3_ITGA6_ITGB1 [KEGG: hsa04512]"
"Laminin-213","LAMA2; LAMB1; LAMC3","Heterotrimer","(LAMA2)1(LAMB1)1(LAMC3)1","α6β4","ITGA6; ITGB4","CellChatDB","CellChatDB:LAMA2_ITGA6_ITGB4 [KEGG: hsa04512] | CellChatDB:LAMB1_ITGA6_ITGB4 [KEGG: hsa04512] | CellChatDB:LAMC3_ITGA6_ITGB4 [KEGG: hsa04512]"
"Laminin-213","LAMA2; LAMB1; LAMC3","Heterotrimer","(LAMA2)1(LAMB1)1(LAMC3)1","α7β1","ITGA7; ITGB1","CellChatDB","CellChatDB:LAMA2_ITGA7_ITGB1 [KEGG: hsa04512] | CellChatDB:LAMB1_ITGA7_ITGB1 [KEGG: hsa04512] | CellChatDB:LAMC3_ITGA7_ITGB1 [KEGG: hsa04512]"
"Laminin-213","LAMA2; LAMB1; LAMC3","Heterotrimer","(LAMA2)1(LAMB1)1(LAMC3)1","α9β1","ITGA9; ITGB1","CellChatDB","CellChatDB:LAMA2_ITGA9_ITGB1 [KEGG: hsa04512] | CellChatDB:LAMB1_ITGA9_ITGB1 [KEGG: hsa04512] | CellChatDB:LAMC3_ITGA9_ITGB1 [KEGG: hsa04512]"
"Laminin-213","LAMA2; LAMB1; LAMC3","Heterotrimer","(LAMA2)1(LAMB1)1(LAMC3)1","αVβ8","ITGAV; ITGB8","CellChatDB","CellChatDB:LAMA2_ITGAV_ITGB8 [KEGG: hsa04512] | CellChatDB:LAMB1_ITGAV_ITGB8 [KEGG: hsa04512] | CellChatDB:LAMC3_ITGAV_ITGB8 [KEGG: hsa04512]"
"Laminin-221","LAMA2; LAMB2; LAMC1","Heterotrimer","(LAMA2)1(LAMB2)1(LAMC1)1","α1β1","ITGA1; ITGB1","CellChatDB","CellChatDB:LAMA2_ITGA1_ITGB1 [KEGG: hsa04512] | CellChatDB:LAMB2_ITGA1_ITGB1 [KEGG: hsa04512] | CellChatDB:LAMC1_ITGA1_ITGB1 [KEGG: hsa04512]"
"Laminin-221","LAMA2; LAMB2; LAMC1","Heterotrimer","(LAMA2)1(LAMB2)1(LAMC1)1","α2β1","ITGA2; ITGB1","CellChatDB","CellChatDB:LAMA2_ITGA2_ITGB1 [KEGG: hsa04512] | CellChatDB:LAMB2_ITGA2_ITGB1 [KEGG: hsa04512] | CellChatDB:LAMC1_ITGA2_ITGB1 [KEGG: hsa04512]"
"Laminin-221","LAMA2; LAMB2; LAMC1","Heterotrimer","(LAMA2)1(LAMB2)1(LAMC1)1","α3β1","ITGA3; ITGB1","CellChatDB","CellChatDB:LAMA2_ITGA3_ITGB1 [KEGG: hsa04512] | CellChatDB:LAMB2_ITGA3_ITGB1 [KEGG: hsa04512] | CellChatDB:LAMC1_ITGA3_ITGB1 [KEGG: hsa04512]"
"Laminin-221","LAMA2; LAMB2; LAMC1","Heterotrimer","(LAMA2)1(LAMB2)1(LAMC1)1","α6β1","ITGA6; ITGB1","CellChatDB","CellChatDB:LAMA2_ITGA6_ITGB1 [KEGG: hsa04512] | CellChatDB:LAMB2_ITGA6_ITGB1 [KEGG: hsa04512] | CellChatDB:LAMC1_ITGA6_ITGB1 [KEGG: hsa04512]"
"Laminin-221","LAMA2; LAMB2; LAMC1","Heterotrimer","(LAMA2)1(LAMB2)1(LAMC1)1","α6β4","ITGA6; ITGB4","CellChatDB","CellChatDB:LAMA2_ITGA6_ITGB4 [KEGG: hsa04512] | CellChatDB:LAMB2_ITGA6_ITGB4 [KEGG: hsa04512] | CellChatDB:LAMC1_ITGA6_ITGB4 [KEGG: hsa04512]"
"Laminin-221","LAMA2; LAMB2; LAMC1","Heterotrimer","(LAMA2)1(LAMB2)1(LAMC1)1","α7β1","ITGA7; ITGB1","CellChatDB","CellChatDB:LAMA2_ITGA7_ITGB1 [KEGG: hsa04512] | CellChatDB:LAMB2_ITGA7_ITGB1 [KEGG: hsa04512] | CellChatDB:LAMC1_ITGA7_ITGB1 [KEGG: hsa04512]"
"Laminin-221","LAMA2; LAMB2; LAMC1","Heterotrimer","(LAMA2)1(LAMB2)1(LAMC1)1","α9β1","ITGA9; ITGB1","CellChatDB","CellChatDB:LAMA2_ITGA9_ITGB1 [KEGG: hsa04512] | CellChatDB:LAMB2_ITGA9_ITGB1 [KEGG: hsa04512] | CellChatDB:LAMC1_ITGA9_ITGB1 [KEGG: hsa04512]"
"Laminin-221","LAMA2; LAMB2; LAMC1","Heterotrimer","(LAMA2)1(LAMB2)1(LAMC1)1","αVβ8","ITGAV; ITGB8","CellChatDB","CellChatDB:LAMA2_ITGAV_ITGB8 [KEGG: hsa04512] | CellChatDB:LAMB2_ITGAV_ITGB8 [KEGG: hsa04512] | CellChatDB:LAMC1_ITGAV_ITGB8 [KEGG: hsa04512]"
"Laminin-311","LAMA3; LAMB1; LAMC1","Heterotrimer","(LAMA3)1(LAMB1)1(LAMC1)1","α1β1","ITGA1; ITGB1","CellChatDB","CellChatDB:LAMA3_ITGA1_ITGB1 [KEGG: hsa04512] | CellChatDB:LAMB1_ITGA1_ITGB1 [KEGG: hsa04512] | CellChatDB:LAMC1_ITGA1_ITGB1 [KEGG: hsa04512]"
"Laminin-311","LAMA3; LAMB1; LAMC1","Heterotrimer","(LAMA3)1(LAMB1)1(LAMC1)1","α2β1","ITGA2; ITGB1","CellChatDB","CellChatDB:LAMA3_ITGA2_ITGB1 [KEGG: hsa04512] | CellChatDB:LAMB1_ITGA2_ITGB1 [KEGG: hsa04512] | CellChatDB:LAMC1_ITGA2_ITGB1 [KEGG: hsa04512]"
"Laminin-311","LAMA3; LAMB1; LAMC1","Heterotrimer","(LAMA3)1(LAMB1)1(LAMC1)1","α3β1","ITGA3; ITGB1","CellChatDB","CellChatDB:LAMA3_ITGA3_ITGB1 [KEGG: hsa04512] | CellChatDB:LAMB1_ITGA3_ITGB1 [KEGG: hsa04512] | CellChatDB:LAMC1_ITGA3_ITGB1 [KEGG: hsa04512]"
"Laminin-311","LAMA3; LAMB1; LAMC1","Heterotrimer","(LAMA3)1(LAMB1)1(LAMC1)1","α6β1","ITGA6; ITGB1","CellChatDB","CellChatDB:LAMA3_ITGA6_ITGB1 [KEGG: hsa04512] | CellChatDB:LAMB1_ITGA6_ITGB1 [KEGG: hsa04512] | CellChatDB:LAMC1_ITGA6_ITGB1 [KEGG: hsa04512]"
"Laminin-311","LAMA3; LAMB1; LAMC1","Heterotrimer","(LAMA3)1(LAMB1)1(LAMC1)1","α6β4","ITGA6; ITGB4","CellChatDB","CellChatDB:LAMA3_ITGA6_ITGB4 [KEGG: hsa04512] | CellChatDB:LAMB1_ITGA6_ITGB4 [KEGG: hsa04512] | CellChatDB:LAMC1_ITGA6_ITGB4 [KEGG: hsa04512]"
"Laminin-311","LAMA3; LAMB1; LAMC1","Heterotrimer","(LAMA3)1(LAMB1)1(LAMC1)1","α7β1","ITGA7; ITGB1","CellChatDB","CellChatDB:LAMA3_ITGA7_ITGB1 [KEGG: hsa04512] | CellChatDB:LAMB1_ITGA7_ITGB1 [KEGG: hsa04512] | CellChatDB:LAMC1_ITGA7_ITGB1 [KEGG: hsa04512]"
"Laminin-311","LAMA3; LAMB1; LAMC1","Heterotrimer","(LAMA3)1(LAMB1)1(LAMC1)1","α9β1","ITGA9; ITGB1","CellChatDB","CellChatDB:LAMA3_ITGA9_ITGB1 [KEGG: hsa04512] | CellChatDB:LAMB1_ITGA9_ITGB1 [KEGG: hsa04512] | CellChatDB:LAMC1_ITGA9_ITGB1 [KEGG: hsa04512]"
"Laminin-311","LAMA3; LAMB1; LAMC1","Heterotrimer","(LAMA3)1(LAMB1)1(LAMC1)1","αVβ8","ITGAV; ITGB8","CellChatDB","CellChatDB:LAMA3_ITGAV_ITGB8 [KEGG: hsa04512] | CellChatDB:LAMB1_ITGAV_ITGB8 [KEGG: hsa04512] | CellChatDB:LAMC1_ITGAV_ITGB8 [KEGG: hsa04512]"
"Laminin-321","LAMA3; LAMB2; LAMC1","Heterotrimer","(LAMA3)1(LAMB2)1(LAMC1)1","α1β1","ITGA1; ITGB1","CellChatDB","CellChatDB:LAMA3_ITGA1_ITGB1 [KEGG: hsa04512] | CellChatDB:LAMB2_ITGA1_ITGB1 [KEGG: hsa04512] | CellChatDB:LAMC1_ITGA1_ITGB1 [KEGG: hsa04512]"
"Laminin-321","LAMA3; LAMB2; LAMC1","Heterotrimer","(LAMA3)1(LAMB2)1(LAMC1)1","α2β1","ITGA2; ITGB1","CellChatDB","CellChatDB:LAMA3_ITGA2_ITGB1 [KEGG: hsa04512] | CellChatDB:LAMB2_ITGA2_ITGB1 [KEGG: hsa04512] | CellChatDB:LAMC1_ITGA2_ITGB1 [KEGG: hsa04512]"
"Laminin-321","LAMA3; LAMB2; LAMC1","Heterotrimer","(LAMA3)1(LAMB2)1(LAMC1)1","α3β1","ITGA3; ITGB1","CellChatDB","CellChatDB:LAMA3_ITGA3_ITGB1 [KEGG: hsa04512] | CellChatDB:LAMB2_ITGA3_ITGB1 [KEGG: hsa04512] | CellChatDB:LAMC1_ITGA3_ITGB1 [KEGG: hsa04512]"
"Laminin-321","LAMA3; LAMB2; LAMC1","Heterotrimer","(LAMA3)1(LAMB2)1(LAMC1)1","α6β1","ITGA6; ITGB1","CellChatDB","CellChatDB:LAMA3_ITGA6_ITGB1 [KEGG: hsa04512] | CellChatDB:LAMB2_ITGA6_ITGB1 [KEGG: hsa04512] | CellChatDB:LAMC1_ITGA6_ITGB1 [KEGG: hsa04512]"
"Laminin-321","LAMA3; LAMB2; LAMC1","Heterotrimer","(LAMA3)1(LAMB2)1(LAMC1)1","α6β4","ITGA6; ITGB4","CellChatDB","CellChatDB:LAMA3_ITGA6_ITGB4 [KEGG: hsa04512] | CellChatDB:LAMB2_ITGA6_ITGB4 [KEGG: hsa04512] | CellChatDB:LAMC1_ITGA6_ITGB4 [KEGG: hsa04512]"
"Laminin-321","LAMA3; LAMB2; LAMC1","Heterotrimer","(LAMA3)1(LAMB2)1(LAMC1)1","α7β1","ITGA7; ITGB1","CellChatDB","CellChatDB:LAMA3_ITGA7_ITGB1 [KEGG: hsa04512] | CellChatDB:LAMB2_ITGA7_ITGB1 [KEGG: hsa04512] | CellChatDB:LAMC1_ITGA7_ITGB1 [KEGG: hsa04512]"
"Laminin-321","LAMA3; LAMB2; LAMC1","Heterotrimer","(LAMA3)1(LAMB2)1(LAMC1)1","α9β1","ITGA9; ITGB1","CellChatDB","CellChatDB:LAMA3_ITGA9_ITGB1 [KEGG: hsa04512] | CellChatDB:LAMB2_ITGA9_ITGB1 [KEGG: hsa04512] | CellChatDB:LAMC1_ITGA9_ITGB1 [KEGG: hsa04512]"
"Laminin-321","LAMA3; LAMB2; LAMC1","Heterotrimer","(LAMA3)1(LAMB2)1(LAMC1)1","αVβ8","ITGAV; ITGB8","CellChatDB","CellChatDB:LAMA3_ITGAV_ITGB8 [KEGG: hsa04512] | CellChatDB:LAMB2_ITGAV_ITGB8 [KEGG: hsa04512] | CellChatDB:LAMC1_ITGAV_ITGB8 [KEGG: hsa04512]"
"Laminin-332","LAMA3; LAMB3; LAMC2","Heterotrimer","(LAMA3)1(LAMB3)1(LAMC2)1","α1β1","ITGA1; ITGB1","CellChatDB","CellChatDB:LAMA3_ITGA1_ITGB1 [KEGG: hsa04512] | CellChatDB:LAMB3_ITGA1_ITGB1 [KEGG: hsa04512] | CellChatDB:LAMC2_ITGA1_ITGB1 [KEGG: hsa04512]"
"Laminin-332","LAMA3; LAMB3; LAMC2","Heterotrimer","(LAMA3)1(LAMB3)1(LAMC2)1","α2β1","ITGA2; ITGB1","CellChatDB","CellChatDB:LAMA3_ITGA2_ITGB1 [KEGG: hsa04512] | CellChatDB:LAMB3_ITGA2_ITGB1 [KEGG: hsa04512] | CellChatDB:LAMC2_ITGA2_ITGB1 [KEGG: hsa04512]"
"Laminin-332","LAMA3; LAMB3; LAMC2","Heterotrimer","(LAMA3)1(LAMB3)1(LAMC2)1","α3β1","ITGA3; ITGB1","CellChatDB","CellChatDB:LAMA3_ITGA3_ITGB1 [KEGG: hsa04512] | CellChatDB:LAMB3_ITGA3_ITGB1 [KEGG: hsa04512] | CellChatDB:LAMC2_ITGA3_ITGB1 [KEGG: hsa04512]"
"Laminin-332","LAMA3; LAMB3; LAMC2","Heterotrimer","(LAMA3)1(LAMB3)1(LAMC2)1","α6β1","ITGA6; ITGB1","CellChatDB","CellChatDB:LAMA3_ITGA6_ITGB1 [KEGG: hsa04512] | CellChatDB:LAMB3_ITGA6_ITGB1 [KEGG: hsa04512] | CellChatDB:LAMC2_ITGA6_ITGB1 [KEGG: hsa04512]"
"Laminin-332","LAMA3; LAMB3; LAMC2","Heterotrimer","(LAMA3)1(LAMB3)1(LAMC2)1","α6β4","ITGA6; ITGB4","CellChatDB","CellChatDB:LAMA3_ITGA6_ITGB4 [KEGG: hsa04512] | CellChatDB:LAMB3_ITGA6_ITGB4 [KEGG: hsa04512] | CellChatDB:LAMC2_ITGA6_ITGB4 [KEGG: hsa04512]"
"Laminin-332","LAMA3; LAMB3; LAMC2","Heterotrimer","(LAMA3)1(LAMB3)1(LAMC2)1","α7β1","ITGA7; ITGB1","CellChatDB","CellChatDB:LAMA3_ITGA7_ITGB1 [KEGG: hsa04512] | CellChatDB:LAMB3_ITGA7_ITGB1 [KEGG: hsa04512] | CellChatDB:LAMC2_ITGA7_ITGB1 [KEGG: hsa04512]"
"Laminin-332","LAMA3; LAMB3; LAMC2","Heterotrimer","(LAMA3)1(LAMB3)1(LAMC2)1","α9β1","ITGA9; ITGB1","CellChatDB","CellChatDB:LAMA3_ITGA9_ITGB1 [KEGG: hsa04512] | CellChatDB:LAMB3_ITGA9_ITGB1 [KEGG: hsa04512] | CellChatDB:LAMC2_ITGA9_ITGB1 [KEGG: hsa04512]"
"Laminin-332","LAMA3; LAMB3; LAMC2","Heterotrimer","(LAMA3)1(LAMB3)1(LAMC2)1","αVβ8","ITGAV; ITGB8","CellChatDB","CellChatDB:LAMA3_ITGAV_ITGB8 [KEGG: hsa04512] | CellChatDB:LAMB3_ITGAV_ITGB8 [KEGG: hsa04512] | CellChatDB:LAMC2_ITGAV_ITGB8 [KEGG: hsa04512]"
"Laminin-411","LAMA4; LAMB1; LAMC1","Heterotrimer","(LAMA4)1(LAMB1)1(LAMC1)1","α1β1","ITGA1; ITGB1","CellChatDB","CellChatDB:LAMA4_ITGA1_ITGB1 [KEGG: hsa04512] | CellChatDB:LAMB1_ITGA1_ITGB1 [KEGG: hsa04512] | CellChatDB:LAMC1_ITGA1_ITGB1 [KEGG: hsa04512]"
"Laminin-411","LAMA4; LAMB1; LAMC1","Heterotrimer","(LAMA4)1(LAMB1)1(LAMC1)1","α2β1","ITGA2; ITGB1","CellChatDB","CellChatDB:LAMA4_ITGA2_ITGB1 [KEGG: hsa04512] | CellChatDB:LAMB1_ITGA2_ITGB1 [KEGG: hsa04512] | CellChatDB:LAMC1_ITGA2_ITGB1 [KEGG: hsa04512]"
"Laminin-411","LAMA4; LAMB1; LAMC1","Heterotrimer","(LAMA4)1(LAMB1)1(LAMC1)1","α3β1","ITGA3; ITGB1","CellChatDB","CellChatDB:LAMA4_ITGA3_ITGB1 [KEGG: hsa04512] | CellChatDB:LAMB1_ITGA3_ITGB1 [KEGG: hsa04512] | CellChatDB:LAMC1_ITGA3_ITGB1 [KEGG: hsa04512]"
"Laminin-411","LAMA4; LAMB1; LAMC1","Heterotrimer","(LAMA4)1(LAMB1)1(LAMC1)1","α6β1","ITGA6; ITGB1","CellChatDB","CellChatDB:LAMA4_ITGA6_ITGB1 [KEGG: hsa04512] | CellChatDB:LAMB1_ITGA6_ITGB1 [KEGG: hsa04512] | CellChatDB:LAMC1_ITGA6_ITGB1 [KEGG: hsa04512]"
"Laminin-411","LAMA4; LAMB1; LAMC1","Heterotrimer","(LAMA4)1(LAMB1)1(LAMC1)1","α6β4","ITGA6; ITGB4","CellChatDB","CellChatDB:LAMA4_ITGA6_ITGB4 [KEGG: hsa04512] | CellChatDB:LAMB1_ITGA6_ITGB4 [KEGG: hsa04512] | CellChatDB:LAMC1_ITGA6_ITGB4 [KEGG: hsa04512]"
"Laminin-411","LAMA4; LAMB1; LAMC1","Heterotrimer","(LAMA4)1(LAMB1)1(LAMC1)1","α7β1","ITGA7; ITGB1","CellChatDB","CellChatDB:LAMA4_ITGA7_ITGB1 [KEGG: hsa04512] | CellChatDB:LAMB1_ITGA7_ITGB1 [KEGG: hsa04512] | CellChatDB:LAMC1_ITGA7_ITGB1 [KEGG: hsa04512]"
"Laminin-411","LAMA4; LAMB1; LAMC1","Heterotrimer","(LAMA4)1(LAMB1)1(LAMC1)1","α9β1","ITGA9; ITGB1","CellChatDB","CellChatDB:LAMA4_ITGA9_ITGB1 [KEGG: hsa04512] | CellChatDB:LAMB1_ITGA9_ITGB1 [KEGG: hsa04512] | CellChatDB:LAMC1_ITGA9_ITGB1 [KEGG: hsa04512]"
"Laminin-411","LAMA4; LAMB1; LAMC1","Heterotrimer","(LAMA4)1(LAMB1)1(LAMC1)1","αVβ8","ITGAV; ITGB8","CellChatDB","CellChatDB:LAMA4_ITGAV_ITGB8 [KEGG: hsa04512] | CellChatDB:LAMB1_ITGAV_ITGB8 [KEGG: hsa04512] | CellChatDB:LAMC1_ITGAV_ITGB8 [KEGG: hsa04512]"
"Laminin-421","LAMA4; LAMB2; LAMC1","Heterotrimer","(LAMA4)1(LAMB2)1(LAMC1)1","α1β1","ITGA1; ITGB1","CellChatDB","CellChatDB:LAMA4_ITGA1_ITGB1 [KEGG: hsa04512] | CellChatDB:LAMB2_ITGA1_ITGB1 [KEGG: hsa04512] | CellChatDB:LAMC1_ITGA1_ITGB1 [KEGG: hsa04512]"
"Laminin-421","LAMA4; LAMB2; LAMC1","Heterotrimer","(LAMA4)1(LAMB2)1(LAMC1)1","α2β1","ITGA2; ITGB1","CellChatDB","CellChatDB:LAMA4_ITGA2_ITGB1 [KEGG: hsa04512] | CellChatDB:LAMB2_ITGA2_ITGB1 [KEGG: hsa04512] | CellChatDB:LAMC1_ITGA2_ITGB1 [KEGG: hsa04512]"
"Laminin-421","LAMA4; LAMB2; LAMC1","Heterotrimer","(LAMA4)1(LAMB2)1(LAMC1)1","α3β1","ITGA3; ITGB1","CellChatDB","CellChatDB:LAMA4_ITGA3_ITGB1 [KEGG: hsa04512] | CellChatDB:LAMB2_ITGA3_ITGB1 [KEGG: hsa04512] | CellChatDB:LAMC1_ITGA3_ITGB1 [KEGG: hsa04512]"
"Laminin-421","LAMA4; LAMB2; LAMC1","Heterotrimer","(LAMA4)1(LAMB2)1(LAMC1)1","α6β1","ITGA6; ITGB1","CellChatDB","CellChatDB:LAMA4_ITGA6_ITGB1 [KEGG: hsa04512] | CellChatDB:LAMB2_ITGA6_ITGB1 [KEGG: hsa04512] | CellChatDB:LAMC1_ITGA6_ITGB1 [KEGG: hsa04512]"
"Laminin-421","LAMA4; LAMB2; LAMC1","Heterotrimer","(LAMA4)1(LAMB2)1(LAMC1)1","α6β4","ITGA6; ITGB4","CellChatDB","CellChatDB:LAMA4_ITGA6_ITGB4 [KEGG: hsa04512] | CellChatDB:LAMB2_ITGA6_ITGB4 [KEGG: hsa04512] | CellChatDB:LAMC1_ITGA6_ITGB4 [KEGG: hsa04512]"
"Laminin-421","LAMA4; LAMB2; LAMC1","Heterotrimer","(LAMA4)1(LAMB2)1(LAMC1)1","α7β1","ITGA7; ITGB1","CellChatDB","CellChatDB:LAMA4_ITGA7_ITGB1 [KEGG: hsa04512] | CellChatDB:LAMB2_ITGA7_ITGB1 [KEGG: hsa04512] | CellChatDB:LAMC1_ITGA7_ITGB1 [KEGG: hsa04512]"
"Laminin-421","LAMA4; LAMB2; LAMC1","Heterotrimer","(LAMA4)1(LAMB2)1(LAMC1)1","α9β1","ITGA9; ITGB1","CellChatDB","CellChatDB:LAMA4_ITGA9_ITGB1 [KEGG: hsa04512] | CellChatDB:LAMB2_ITGA9_ITGB1 [KEGG: hsa04512] | CellChatDB:LAMC1_ITGA9_ITGB1 [KEGG: hsa04512]"
"Laminin-421","LAMA4; LAMB2; LAMC1","Heterotrimer","(LAMA4)1(LAMB2)1(LAMC1)1","αVβ8","ITGAV; ITGB8","CellChatDB","CellChatDB:LAMA4_ITGAV_ITGB8 [KEGG: hsa04512] | CellChatDB:LAMB2_ITGAV_ITGB8 [KEGG: hsa04512] | CellChatDB:LAMC1_ITGAV_ITGB8 [KEGG: hsa04512]"
"Laminin-423","LAMA4; LAMB2; LAMC3","Heterotrimer","(LAMA4)1(LAMB2)1(LAMC3)1","α1β1","ITGA1; ITGB1","CellChatDB","CellChatDB:LAMA4_ITGA1_ITGB1 [KEGG: hsa04512] | CellChatDB:LAMB2_ITGA1_ITGB1 [KEGG: hsa04512] | CellChatDB:LAMC3_ITGA1_ITGB1 [KEGG: hsa04512]"
"Laminin-423","LAMA4; LAMB2; LAMC3","Heterotrimer","(LAMA4)1(LAMB2)1(LAMC3)1","α2β1","ITGA2; ITGB1","CellChatDB","CellChatDB:LAMA4_ITGA2_ITGB1 [KEGG: hsa04512] | CellChatDB:LAMB2_ITGA2_ITGB1 [KEGG: hsa04512] | CellChatDB:LAMC3_ITGA2_ITGB1 [KEGG: hsa04512]"
"Laminin-423","LAMA4; LAMB2; LAMC3","Heterotrimer","(LAMA4)1(LAMB2)1(LAMC3)1","α3β1","ITGA3; ITGB1","CellChatDB","CellChatDB:LAMA4_ITGA3_ITGB1 [KEGG: hsa04512] | CellChatDB:LAMB2_ITGA3_ITGB1 [KEGG: hsa04512] | CellChatDB:LAMC3_ITGA3_ITGB1 [KEGG: hsa04512]"
"Laminin-423","LAMA4; LAMB2; LAMC3","Heterotrimer","(LAMA4)1(LAMB2)1(LAMC3)1","α6β1","ITGA6; ITGB1","CellChatDB","CellChatDB:LAMA4_ITGA6_ITGB1 [KEGG: hsa04512] | CellChatDB:LAMB2_ITGA6_ITGB1 [KEGG: hsa04512] | CellChatDB:LAMC3_ITGA6_ITGB1 [KEGG: hsa04512]"
"Laminin-423","LAMA4; LAMB2; LAMC3","Heterotrimer","(LAMA4)1(LAMB2)1(LAMC3)1","α6β4","ITGA6; ITGB4","CellChatDB","CellChatDB:LAMA4_ITGA6_ITGB4 [KEGG: hsa04512] | CellChatDB:LAMB2_ITGA6_ITGB4 [KEGG: hsa04512] | CellChatDB:LAMC3_ITGA6_ITGB4 [KEGG: hsa04512]"
"Laminin-423","LAMA4; LAMB2; LAMC3","Heterotrimer","(LAMA4)1(LAMB2)1(LAMC3)1","α7β1","ITGA7; ITGB1","CellChatDB","CellChatDB:LAMA4_ITGA7_ITGB1 [KEGG: hsa04512] | CellChatDB:LAMB2_ITGA7_ITGB1 [KEGG: hsa04512] | CellChatDB:LAMC3_ITGA7_ITGB1 [KEGG: hsa04512]"
"Laminin-423","LAMA4; LAMB2; LAMC3","Heterotrimer","(LAMA4)1(LAMB2)1(LAMC3)1","α9β1","ITGA9; ITGB1","CellChatDB","CellChatDB:LAMA4_ITGA9_ITGB1 [KEGG: hsa04512] | CellChatDB:LAMB2_ITGA9_ITGB1 [KEGG: hsa04512] | CellChatDB:LAMC3_ITGA9_ITGB1 [KEGG: hsa04512]"
"Laminin-423","LAMA4; LAMB2; LAMC3","Heterotrimer","(LAMA4)1(LAMB2)1(LAMC3)1","αVβ8","ITGAV; ITGB8","CellChatDB","CellChatDB:LAMA4_ITGAV_ITGB8 [KEGG: hsa04512] | CellChatDB:LAMB2_ITGAV_ITGB8 [KEGG: hsa04512] | CellChatDB:LAMC3_ITGAV_ITGB8 [KEGG: hsa04512]"
"Laminin-511","LAMA5; LAMB1; LAMC1","Heterotrimer","(LAMA5)1(LAMB1)1(LAMC1)1","α1β1","ITGA1; ITGB1","CellChatDB","CellChatDB:LAMA5_ITGA1_ITGB1 [KEGG: hsa04512] | CellChatDB:LAMB1_ITGA1_ITGB1 [KEGG: hsa04512] | CellChatDB:LAMC1_ITGA1_ITGB1 [KEGG: hsa04512]"
"Laminin-511","LAMA5; LAMB1; LAMC1","Heterotrimer","(LAMA5)1(LAMB1)1(LAMC1)1","α2β1","ITGA2; ITGB1","CellChatDB","CellChatDB:LAMA5_ITGA2_ITGB1 [KEGG: hsa04512] | CellChatDB:LAMB1_ITGA2_ITGB1 [KEGG: hsa04512] | CellChatDB:LAMC1_ITGA2_ITGB1 [KEGG: hsa04512]"
"Laminin-511","LAMA5; LAMB1; LAMC1","Heterotrimer","(LAMA5)1(LAMB1)1(LAMC1)1","α3β1","ITGA3; ITGB1","CellChatDB","CellChatDB:LAMA5_ITGA3_ITGB1 [KEGG: hsa04512] | CellChatDB:LAMB1_ITGA3_ITGB1 [KEGG: hsa04512] | CellChatDB:LAMC1_ITGA3_ITGB1 [KEGG: hsa04512]"
"Laminin-511","LAMA5; LAMB1; LAMC1","Heterotrimer","(LAMA5)1(LAMB1)1(LAMC1)1","α6β1","ITGA6; ITGB1","CellChatDB","CellChatDB:LAMA5_ITGA6_ITGB1 [KEGG: hsa04512] | CellChatDB:LAMB1_ITGA6_ITGB1 [KEGG: hsa04512] | CellChatDB:LAMC1_ITGA6_ITGB1 [KEGG: hsa04512]"
"Laminin-511","LAMA5; LAMB1; LAMC1","Heterotrimer","(LAMA5)1(LAMB1)1(LAMC1)1","α6β4","ITGA6; ITGB4","CellChatDB","CellChatDB:LAMA5_ITGA6_ITGB4 [KEGG: hsa04512] | CellChatDB:LAMB1_ITGA6_ITGB4 [KEGG: hsa04512] | CellChatDB:LAMC1_ITGA6_ITGB4 [KEGG: hsa04512]"
"Laminin-511","LAMA5; LAMB1; LAMC1","Heterotrimer","(LAMA5)1(LAMB1)1(LAMC1)1","α7β1","ITGA7; ITGB1","CellChatDB","CellChatDB:LAMA5_ITGA7_ITGB1 [KEGG: hsa04512] | CellChatDB:LAMB1_ITGA7_ITGB1 [KEGG: hsa04512] | CellChatDB:LAMC1_ITGA7_ITGB1 [KEGG: hsa04512]"
"Laminin-511","LAMA5; LAMB1; LAMC1","Heterotrimer","(LAMA5)1(LAMB1)1(LAMC1)1","α9β1","ITGA9; ITGB1","CellChatDB","CellChatDB:LAMA5_ITGA9_ITGB1 [KEGG: hsa04512] | CellChatDB:LAMB1_ITGA9_ITGB1 [KEGG: hsa04512] | CellChatDB:LAMC1_ITGA9_ITGB1 [KEGG: hsa04512]"
"Laminin-511","LAMA5; LAMB1; LAMC1","Heterotrimer","(LAMA5)1(LAMB1)1(LAMC1)1","αVβ8","ITGAV; ITGB8","CellChatDB","CellChatDB:LAMA5_ITGAV_ITGB8 [KEGG: hsa04512] | CellChatDB:LAMB1_ITGAV_ITGB8 [KEGG: hsa04512] | CellChatDB:LAMC1_ITGAV_ITGB8 [KEGG: hsa04512]"
"Laminin-521","LAMA5; LAMB2; LAMC1","Heterotrimer","(LAMA5)1(LAMB2)1(LAMC1)1","α1β1","ITGA1; ITGB1","CellChatDB","CellChatDB:LAMA5_ITGA1_ITGB1 [KEGG: hsa04512] | CellChatDB:LAMB2_ITGA1_ITGB1 [KEGG: hsa04512] | CellChatDB:LAMC1_ITGA1_ITGB1 [KEGG: hsa04512]"
"Laminin-521","LAMA5; LAMB2; LAMC1","Heterotrimer","(LAMA5)1(LAMB2)1(LAMC1)1","α2β1","ITGA2; ITGB1","CellChatDB","CellChatDB:LAMA5_ITGA2_ITGB1 [KEGG: hsa04512] | CellChatDB:LAMB2_ITGA2_ITGB1 [KEGG: hsa04512] | CellChatDB:LAMC1_ITGA2_ITGB1 [KEGG: hsa04512]"
"Laminin-521","LAMA5; LAMB2; LAMC1","Heterotrimer","(LAMA5)1(LAMB2)1(LAMC1)1","α3β1","ITGA3; ITGB1","CellChatDB","CellChatDB:LAMA5_ITGA3_ITGB1 [KEGG: hsa04512] | CellChatDB:LAMB2_ITGA3_ITGB1 [KEGG: hsa04512] | CellChatDB:LAMC1_ITGA3_ITGB1 [KEGG: hsa04512]"
"Laminin-521","LAMA5; LAMB2; LAMC1","Heterotrimer","(LAMA5)1(LAMB2)1(LAMC1)1","α6β1","ITGA6; ITGB1","CellChatDB","CellChatDB:LAMA5_ITGA6_ITGB1 [KEGG: hsa04512] | CellChatDB:LAMB2_ITGA6_ITGB1 [KEGG: hsa04512] | CellChatDB:LAMC1_ITGA6_ITGB1 [KEGG: hsa04512]"
"Laminin-521","LAMA5; LAMB2; LAMC1","Heterotrimer","(LAMA5)1(LAMB2)1(LAMC1)1","α6β4","ITGA6; ITGB4","CellChatDB","CellChatDB:LAMA5_ITGA6_ITGB4 [KEGG: hsa04512] | CellChatDB:LAMB2_ITGA6_ITGB4 [KEGG: hsa04512] | CellChatDB:LAMC1_ITGA6_ITGB4 [KEGG: hsa04512]"
"Laminin-521","LAMA5; LAMB2; LAMC1","Heterotrimer","(LAMA5)1(LAMB2)1(LAMC1)1","α7β1","ITGA7; ITGB1","CellChatDB","CellChatDB:LAMA5_ITGA7_ITGB1 [KEGG: hsa04512] | CellChatDB:LAMB2_ITGA7_ITGB1 [KEGG: hsa04512] | CellChatDB:LAMC1_ITGA7_ITGB1 [KEGG: hsa04512]"
"Laminin-521","LAMA5; LAMB2; LAMC1","Heterotrimer","(LAMA5)1(LAMB2)1(LAMC1)1","α9β1","ITGA9; ITGB1","CellChatDB","CellChatDB:LAMA5_ITGA9_ITGB1 [KEGG: hsa04512] | CellChatDB:LAMB2_ITGA9_ITGB1 [KEGG: hsa04512] | CellChatDB:LAMC1_ITGA9_ITGB1 [KEGG: hsa04512]"
"Laminin-521","LAMA5; LAMB2; LAMC1","Heterotrimer","(LAMA5)1(LAMB2)1(LAMC1)1","αVβ8","ITGAV; ITGB8","CellChatDB","CellChatDB:LAMA5_ITGAV_ITGB8 [KEGG: hsa04512] | CellChatDB:LAMB2_ITGAV_ITGB8 [KEGG: hsa04512] | CellChatDB:LAMC1_ITGAV_ITGB8 [KEGG: hsa04512]"
"Laminin-522","LAMA5; LAMB2; LAMC2","Heterotrimer","(LAMA5)1(LAMB2)1(LAMC2)1","α1β1","ITGA1; ITGB1","CellChatDB","CellChatDB:LAMA5_ITGA1_ITGB1 [KEGG: hsa04512] | CellChatDB:LAMB2_ITGA1_ITGB1 [KEGG: hsa04512] | CellChatDB:LAMC2_ITGA1_ITGB1 [KEGG: hsa04512]"
"Laminin-522","LAMA5; LAMB2; LAMC2","Heterotrimer","(LAMA5)1(LAMB2)1(LAMC2)1","α2β1","ITGA2; ITGB1","CellChatDB","CellChatDB:LAMA5_ITGA2_ITGB1 [KEGG: hsa04512] | CellChatDB:LAMB2_ITGA2_ITGB1 [KEGG: hsa04512] | CellChatDB:LAMC2_ITGA2_ITGB1 [KEGG: hsa04512]"
"Laminin-522","LAMA5; LAMB2; LAMC2","Heterotrimer","(LAMA5)1(LAMB2)1(LAMC2)1","α3β1","ITGA3; ITGB1","CellChatDB","CellChatDB:LAMA5_ITGA3_ITGB1 [KEGG: hsa04512] | CellChatDB:LAMB2_ITGA3_ITGB1 [KEGG: hsa04512] | CellChatDB:LAMC2_ITGA3_ITGB1 [KEGG: hsa04512]"
"Laminin-522","LAMA5; LAMB2; LAMC2","Heterotrimer","(LAMA5)1(LAMB2)1(LAMC2)1","α6β1","ITGA6; ITGB1","CellChatDB","CellChatDB:LAMA5_ITGA6_ITGB1 [KEGG: hsa04512] | CellChatDB:LAMB2_ITGA6_ITGB1 [KEGG: hsa04512] | CellChatDB:LAMC2_ITGA6_ITGB1 [KEGG: hsa04512]"
"Laminin-522","LAMA5; LAMB2; LAMC2","Heterotrimer","(LAMA5)1(LAMB2)1(LAMC2)1","α6β4","ITGA6; ITGB4","CellChatDB","CellChatDB:LAMA5_ITGA6_ITGB4 [KEGG: hsa04512] | CellChatDB:LAMB2_ITGA6_ITGB4 [KEGG: hsa04512] | CellChatDB:LAMC2_ITGA6_ITGB4 [KEGG: hsa04512]"
"Laminin-522","LAMA5; LAMB2; LAMC2","Heterotrimer","(LAMA5)1(LAMB2)1(LAMC2)1","α7β1","ITGA7; ITGB1","CellChatDB","CellChatDB:LAMA5_ITGA7_ITGB1 [KEGG: hsa04512] | CellChatDB:LAMB2_ITGA7_ITGB1 [KEGG: hsa04512] | CellChatDB:LAMC2_ITGA7_ITGB1 [KEGG: hsa04512]"
"Laminin-522","LAMA5; LAMB2; LAMC2","Heterotrimer","(LAMA5)1(LAMB2)1(LAMC2)1","α9β1","ITGA9; ITGB1","CellChatDB","CellChatDB:LAMA5_ITGA9_ITGB1 [KEGG: hsa04512] | CellChatDB:LAMB2_ITGA9_ITGB1 [KEGG: hsa04512] | CellChatDB:LAMC2_ITGA9_ITGB1 [KEGG: hsa04512]"
"Laminin-522","LAMA5; LAMB2; LAMC2","Heterotrimer","(LAMA5)1(LAMB2)1(LAMC2)1","αVβ8","ITGAV; ITGB8","CellChatDB","CellChatDB:LAMA5_ITGAV_ITGB8 [KEGG: hsa04512] | CellChatDB:LAMB2_ITGAV_ITGB8 [KEGG: hsa04512] | CellChatDB:LAMC2_ITGAV_ITGB8 [KEGG: hsa04512]"
"Laminin-523","LAMA5; LAMB2; LAMC3","Heterotrimer","(LAMA5)1(LAMB2)1(LAMC3)1","α1β1","ITGA1; ITGB1","CellChatDB","CellChatDB:LAMA5_ITGA1_ITGB1 [KEGG: hsa04512] | CellChatDB:LAMB2_ITGA1_ITGB1 [KEGG: hsa04512] | CellChatDB:LAMC3_ITGA1_ITGB1 [KEGG: hsa04512]"
"Laminin-523","LAMA5; LAMB2; LAMC3","Heterotrimer","(LAMA5)1(LAMB2)1(LAMC3)1","α2β1","ITGA2; ITGB1","CellChatDB","CellChatDB:LAMA5_ITGA2_ITGB1 [KEGG: hsa04512] | CellChatDB:LAMB2_ITGA2_ITGB1 [KEGG: hsa04512] | CellChatDB:LAMC3_ITGA2_ITGB1 [KEGG: hsa04512]"
"Laminin-523","LAMA5; LAMB2; LAMC3","Heterotrimer","(LAMA5)1(LAMB2)1(LAMC3)1","α3β1","ITGA3; ITGB1","CellChatDB","CellChatDB:LAMA5_ITGA3_ITGB1 [KEGG: hsa04512] | CellChatDB:LAMB2_ITGA3_ITGB1 [KEGG: hsa04512] | CellChatDB:LAMC3_ITGA3_ITGB1 [KEGG: hsa04512]"
"Laminin-523","LAMA5; LAMB2; LAMC3","Heterotrimer","(LAMA5)1(LAMB2)1(LAMC3)1","α6β1","ITGA6; ITGB1","CellChatDB","CellChatDB:LAMA5_ITGA6_ITGB1 [KEGG: hsa04512] | CellChatDB:LAMB2_ITGA6_ITGB1 [KEGG: hsa04512] | CellChatDB:LAMC3_ITGA6_ITGB1 [KEGG: hsa04512]"
"Laminin-523","LAMA5; LAMB2; LAMC3","Heterotrimer","(LAMA5)1(LAMB2)1(LAMC3)1","α6β4","ITGA6; ITGB4","CellChatDB","CellChatDB:LAMA5_ITGA6_ITGB4 [KEGG: hsa04512] | CellChatDB:LAMB2_ITGA6_ITGB4 [KEGG: hsa04512] | CellChatDB:LAMC3_ITGA6_ITGB4 [KEGG: hsa04512]"
"Laminin-523","LAMA5; LAMB2; LAMC3","Heterotrimer","(LAMA5)1(LAMB2)1(LAMC3)1","α7β1","ITGA7; ITGB1","CellChatDB","CellChatDB:LAMA5_ITGA7_ITGB1 [KEGG: hsa04512] | CellChatDB:LAMB2_ITGA7_ITGB1 [KEGG: hsa04512] | CellChatDB:LAMC3_ITGA7_ITGB1 [KEGG: hsa04512]"
"Laminin-523","LAMA5; LAMB2; LAMC3","Heterotrimer","(LAMA5)1(LAMB2)1(LAMC3)1","α9β1","ITGA9; ITGB1","CellChatDB","CellChatDB:LAMA5_ITGA9_ITGB1 [KEGG: hsa04512] | CellChatDB:LAMB2_ITGA9_ITGB1 [KEGG: hsa04512] | CellChatDB:LAMC3_ITGA9_ITGB1 [KEGG: hsa04512]"
"Laminin-523","LAMA5; LAMB2; LAMC3","Heterotrimer","(LAMA5)1(LAMB2)1(LAMC3)1","αVβ8","ITGAV; ITGB8","CellChatDB","CellChatDB:LAMA5_ITGAV_ITGB8 [KEGG: hsa04512] | CellChatDB:LAMB2_ITGAV_ITGB8 [KEGG: hsa04512] | CellChatDB:LAMC3_ITGAV_ITGB8 [KEGG: hsa04512]"
"Lumican","LUM","Unknown","Not determined","α2β1","ITGA2; ITGB1","Reactome","R-HSA-4085133"
"Npnt complex 1","FRAS1; FREM1; NPNT","Heterotrimer","(FRAS1)1(FREM1)1(NPNT)1","α8β1","ITGA8; ITGB1","CellChatDB","CellChatDB:NPNT1_ITGA8_ITGB1 [KEGG: hsa04512] | CellChatDB:NPNT2_ITGA8_ITGB1 [KEGG: hsa04512]"
"Npnt complex 2","FRAS1; FREM2; NPNT","Heterotrimer","(FRAS1)1(FREM2)1(NPNT)1","α8β1","ITGA8; ITGB1","CellChatDB","CellChatDB:NPNT1_ITGA8_ITGB1 [KEGG: hsa04512] | CellChatDB:NPNT2_ITGA8_ITGB1 [KEGG: hsa04512]"
"Osteopontin","SPP1","Unknown","Not determined","α4β1","ITGA4; ITGB1","Reactome","R-HSA-2752118"
"Osteopontin","SPP1","Unknown","Not determined","α5β1","ITGA5; ITGB1","Reactome","R-HSA-265424"
"Osteopontin","SPP1","Unknown","Not determined","α8β1","ITGA8; ITGB1","Reactome","R-HSA-216061"
"Osteopontin","SPP1","Unknown","Not determined","α9β1","ITGA9; ITGB1","Reactome","R-HSA-265424"
"Osteopontin","SPP1","Unknown","Not determined","αVβ1","ITGAV; ITGB1","Reactome","R-HSA-2752125"
"Osteopontin","SPP1","Unknown","Not determined","αVβ3","ITGAV; ITGB3","Reactome","R-HSA-2752125"
"Osteopontin","SPP1","Unknown","Not determined","αVβ5","ITGAV; ITGB5","Reactome","R-HSA-2752125"
"RELN","RELN","Homooligomer","(RELN)n","α3β1","ITGA3; ITGB1","CellChatDB","CellChatDB:RELN_ITGA3_ITGB1 [KEGG: hsa04512]"
"Tenascin-C","TNC","Homohexamer","(TNC)6","αIIbβ3","ITGA2B; ITGB3","CellChatDB","CellChatDB:TNC_ITGA2B_ITGB3 [KEGG: hsa04512]"
"Tenascin-C","TNC","Homohexamer","(TNC)6","α8β1","ITGA8; ITGB1","Reactome; CellChatDB","R-HSA-216064; CellChatDB:TNC_ITGA8_ITGB1 [KEGG: hsa04512]"
"Tenascin-C","TNC","Homohexamer","(TNC)6","α9β1","ITGA9; ITGB1","Reactome; CellChatDB","R-HSA-216068; CellChatDB:TNC_ITGA9_ITGB1 [KEGG: hsa04512]"
"Tenascin-C","TNC","Homohexamer","(TNC)6","αVβ3","ITGAV; ITGB3","Reactome; CellChatDB","R-HSA-265426; CellChatDB:TNC_ITGAV_ITGB3 [KEGG: hsa04512]"
"Tenascin-C","TNC","Homohexamer","(TNC)6","αVβ6","ITGAV; ITGB6","CellChatDB","CellChatDB:TNC_ITGAV_ITGB6 [KEGG: hsa04512]"
"Tenascin-N","TNN","Homohexamer","(TNN)6","αIIbβ3","ITGA2B; ITGB3","CellChatDB","CellChatDB:TNN_ITGA2B_ITGB3 [KEGG: hsa04512]"
"Tenascin-N","TNN","Homohexamer","(TNN)6","α8β1","ITGA8; ITGB1","CellChatDB","CellChatDB:TNN_ITGA8_ITGB1 [KEGG: hsa04512]"
"Tenascin-N","TNN","Homohexamer","(TNN)6","α9β1","ITGA9; ITGB1","CellChatDB","CellChatDB:TNN_ITGA9_ITGB1 [KEGG: hsa04512]"
"Tenascin-N","TNN","Homohexamer","(TNN)6","αVβ3","ITGAV; ITGB3","CellChatDB","CellChatDB:TNN_ITGAV_ITGB3 [KEGG: hsa04512]"
"Tenascin-N","TNN","Homohexamer","(TNN)6","αVβ6","ITGAV; ITGB6","CellChatDB","CellChatDB:TNN_ITGAV_ITGB6 [KEGG: hsa04512]"
"Tenascin-R","TNR","Homooligomer","(TNR)n","αIIbβ3","ITGA2B; ITGB3","CellChatDB","CellChatDB:TNR_ITGA2B_ITGB3 [KEGG: hsa04512]"
"Tenascin-R","TNR","Homooligomer","(TNR)n","α8β1","ITGA8; ITGB1","CellChatDB","CellChatDB:TNR_ITGA8_ITGB1 [KEGG: hsa04512]"
"Tenascin-R","TNR","Homooligomer","(TNR)n","α9β1","ITGA9; ITGB1","CellChatDB","CellChatDB:TNR_ITGA9_ITGB1 [KEGG: hsa04512]"
"Tenascin-R","TNR","Homooligomer","(TNR)n","αVβ3","ITGAV; ITGB3","CellChatDB","CellChatDB:TNR_ITGAV_ITGB3 [KEGG: hsa04512]"
"Tenascin-R","TNR","Homooligomer","(TNR)n","αVβ6","ITGAV; ITGB6","CellChatDB","CellChatDB:TNR_ITGAV_ITGB6 [KEGG: hsa04512]"
"Tenascin-X","TNXB","Homotrimer","(TNXB)3","αIIbβ3","ITGA2B; ITGB3","CellChatDB","CellChatDB:TNXB_ITGA2B_ITGB3 [KEGG: hsa04512]"
"Tenascin-X","TNXB","Homotrimer","(TNXB)3","α8β1","ITGA8; ITGB1","CellChatDB","CellChatDB:TNXB_ITGA8_ITGB1 [KEGG: hsa04512]"
"Tenascin-X","TNXB","Homotrimer","(TNXB)3","α9β1","ITGA9; ITGB1","CellChatDB","CellChatDB:TNXB_ITGA9_ITGB1 [KEGG: hsa04512]"
"Tenascin-X","TNXB","Homotrimer","(TNXB)3","αVβ3","ITGAV; ITGB3","CellChatDB","CellChatDB:TNXB_ITGAV_ITGB3 [KEGG: hsa04512]"
"Tenascin-X","TNXB","Homotrimer","(TNXB)3","αVβ6","ITGAV; ITGB6","CellChatDB","CellChatDB:TNXB_ITGAV_ITGB6 [KEGG: hsa04512]"
"Tetrastatin","COL4A4","Fragment","Not applicable (fragment)","αVβ3","ITGAV; ITGB3","Reactome; MatrixDB","R-HSA-4088218; matrixdb:MULT_16_human__P53420_22539938_matrixdb_1"
"Thrombospondin-1","THBS1","Homotrimer","(THBS1)3","αIIbβ3","ITGA2B; ITGB3","Reactome","R-HSA-349603"
"Thrombospondin-1","THBS1","Homotrimer","(THBS1)3","α3β1","ITGA3; ITGB1","Reactome; CellChatDB","R-HSA-265429; CellChatDB:THBS1_ITGA3_ITGB1 [KEGG: hsa04512]"
"Thrombospondin-1","THBS1","Homotrimer","(THBS1)3","α4β1","ITGA4; ITGB1","Reactome","R-HSA-265429"
"Thrombospondin-1","THBS1","Homotrimer","(THBS1)3","αVβ3","ITGAV; ITGB3","CellChatDB","CellChatDB:THBS1_ITGAV_ITGB3 [KEGG: hsa04512]"
"Thrombospondin-2","THBS2","Homotrimer","(THBS2)3","α3β1","ITGA3; ITGB1","CellChatDB","CellChatDB:THBS2_ITGA3_ITGB1 [KEGG: hsa04512]"
"Thrombospondin-2","THBS2","Homotrimer","(THBS2)3","αVβ3","ITGAV; ITGB3","CellChatDB","CellChatDB:THBS2_ITGAV_ITGB3 [KEGG: hsa04512]"
"Thrombospondin-3","THBS3","Homooligomer","(THBS3)n","α3β1","ITGA3; ITGB1","CellChatDB","CellChatDB:THBS3_ITGA3_ITGB1 [KEGG: hsa04512]"
"Thrombospondin-3","THBS3","Homooligomer","(THBS3)n","αVβ3","ITGAV; ITGB3","CellChatDB","CellChatDB:THBS3_ITGAV_ITGB3 [KEGG: hsa04512]"
"Thrombospondin-4","THBS4","Homopentamer","(THBS4)5","α3β1","ITGA3; ITGB1","CellChatDB","CellChatDB:THBS4_ITGA3_ITGB1 [KEGG: hsa04512]"
"Thrombospondin-4","THBS4","Homopentamer","(THBS4)5","αVβ3","ITGAV; ITGB3","CellChatDB","CellChatDB:THBS4_ITGAV_ITGB3 [KEGG: hsa04512]"
"Tumstatin","COL4A3","Fragment","Not applicable (fragment)","α3β1","ITGA3; ITGB1","Reactome; MatrixDB","R-HSA-4085083; matrixdb:MULT_18_human__PFRAG_5_human_16731529_MatrixDB_1"
"Tumstatin","COL4A3","Fragment","Not applicable (fragment)","αVβ3","ITGAV; ITGB3","Reactome; MatrixDB","R-HSA-4085083; matrixdb:MULT_16_human__PFRAG_5_human_10493512_MatrixDB_1; matrixdb:MULT_16_human__PFRAG_5_human_10493512_MatrixDB_2; matrixdb:MULT_16_human__PFRAG_5_human_11278365_MatrixDB_1; matrixdb:MULT_16_human__PFRAG_5_human_14610079_MatrixDB_1; matrixdb:MULT_16_human__PFRAG_5_human_14610079_MatrixDB_2"
"Tumstatin","COL4A3","Fragment","Not applicable (fragment)","αVβ5","ITGAV; ITGB5","MatrixDB","matrixdb:MULT_17_human__PFRAG_5_human_14610079_MatrixDB_1"
"Vitronectin","VTN","Monomer","(VTN)1","αIIbβ3","ITGA2B; ITGB3","CellChatDB","CellChatDB:VTN_ITGA2B_ITGB3 [KEGG: hsa04512]"
"Vitronectin","VTN","Monomer","(VTN)1","α8β1","ITGA8; ITGB1","CellChatDB","CellChatDB:VTN_ITGA8_ITGB1 [KEGG: hsa04512]"
"Vitronectin","VTN","Monomer","(VTN)1","αVβ1","ITGAV; ITGB1","CellChatDB","CellChatDB:VTN_ITGAV_ITGB1 [KEGG: hsa04512]"
"Vitronectin","VTN","Monomer","(VTN)1","αVβ3","ITGAV; ITGB3","Reactome; MatrixDB; CellChatDB","R-HSA-216076; matrixdb:MULT_16_human__P04004_11134507_MatrixDB_1; CellChatDB:VTN_ITGAV_ITGB3 [KEGG: hsa04512]"
"Vitronectin","VTN","Monomer","(VTN)1","αVβ5","ITGAV; ITGB5","Reactome; CellChatDB","R-HSA-216076; CellChatDB:VTN_ITGAV_ITGB5 [KEGG: hsa04512]"
"Vitronectin","VTN","Monomer","(VTN)1","αVβ8","ITGAV; ITGB8","Reactome; CellChatDB","R-HSA-216076; CellChatDB:VTN_ITGAV_ITGB8 [KEGG: hsa04512]"
"von Willebrand factor","VWF","Homooligomer","(VWF)n","αIIbβ3","ITGA2B; ITGB3","Reactome; CellChatDB","R-HSA-216072; CellChatDB:VWF_ITGA2B_ITGB3 [KEGG: hsa04512]"
"von Willebrand factor","VWF","Homooligomer","(VWF)n","αVβ3","ITGAV; ITGB3","Reactome; CellChatDB","R-HSA-265425; CellChatDB:VWF_ITGAV_ITGB3 [KEGG: hsa04512]"
