"integrin","alpha_subunit","alpha_gene","alpha_coefficient","beta_subunit","beta_gene","beta_coefficient","integrin_genes","subunit_formula","stoichiometric_ratio","assembly_type","source_url"
"α1β1","α1","ITGA1",1,"β1","ITGB1",1,"ITGA1; ITGB1","(ITGA1)1(ITGB1)1","1:1","Alpha-beta heterodimer","https://www.uniprot.org/uniprotkb/P05556/entry"
"α2β1","α2","ITGA2",1,"β1","ITGB1",1,"ITGA2; ITGB1","(ITGA2)1(ITGB1)1","1:1","Alpha-beta heterodimer","https://www.uniprot.org/uniprotkb/P05556/entry"
"α3β1","α3","ITGA3",1,"β1","ITGB1",1,"ITGA3; ITGB1","(ITGA3)1(ITGB1)1","1:1","Alpha-beta heterodimer","https://www.uniprot.org/uniprotkb/P05556/entry"
"α4β1","α4","ITGA4",1,"β1","ITGB1",1,"ITGA4; ITGB1","(ITGA4)1(ITGB1)1","1:1","Alpha-beta heterodimer","https://www.uniprot.org/uniprotkb/P05556/entry"
"α5β1","α5","ITGA5",1,"β1","ITGB1",1,"ITGA5; ITGB1","(ITGA5)1(ITGB1)1","1:1","Alpha-beta heterodimer","https://www.uniprot.org/uniprotkb/P05556/entry"
"α6β1","α6","ITGA6",1,"β1","ITGB1",1,"ITGA6; ITGB1","(ITGA6)1(ITGB1)1","1:1","Alpha-beta heterodimer","https://www.uniprot.org/uniprotkb/P05556/entry"
"α7β1","α7","ITGA7",1,"β1","ITGB1",1,"ITGA7; ITGB1","(ITGA7)1(ITGB1)1","1:1","Alpha-beta heterodimer","https://www.uniprot.org/uniprotkb/P05556/entry"
"α8β1","α8","ITGA8",1,"β1","ITGB1",1,"ITGA8; ITGB1","(ITGA8)1(ITGB1)1","1:1","Alpha-beta heterodimer","https://www.uniprot.org/uniprotkb/P05556/entry"
"α9β1","α9","ITGA9",1,"β1","ITGB1",1,"ITGA9; ITGB1","(ITGA9)1(ITGB1)1","1:1","Alpha-beta heterodimer","https://www.uniprot.org/uniprotkb/P05556/entry"
"α10β1","α10","ITGA10",1,"β1","ITGB1",1,"ITGA10; ITGB1","(ITGA10)1(ITGB1)1","1:1","Alpha-beta heterodimer","https://www.uniprot.org/uniprotkb/P05556/entry"
"α11β1","α11","ITGA11",1,"β1","ITGB1",1,"ITGA11; ITGB1","(ITGA11)1(ITGB1)1","1:1","Alpha-beta heterodimer","https://www.uniprot.org/uniprotkb/P05556/entry"
"αVβ1","αV","ITGAV",1,"β1","ITGB1",1,"ITGAV; ITGB1","(ITGAV)1(ITGB1)1","1:1","Alpha-beta heterodimer","https://www.uniprot.org/uniprotkb/P05556/entry"
"αLβ2","αL","ITGAL",1,"β2","ITGB2",1,"ITGAL; ITGB2","(ITGAL)1(ITGB2)1","1:1","Alpha-beta heterodimer","https://www.uniprot.org/uniprotkb/P05107/entry"
"αMβ2","αM","ITGAM",1,"β2","ITGB2",1,"ITGAM; ITGB2","(ITGAM)1(ITGB2)1","1:1","Alpha-beta heterodimer","https://www.uniprot.org/uniprotkb/P05107/entry"
"αXβ2","αX","ITGAX",1,"β2","ITGB2",1,"ITGAX; ITGB2","(ITGAX)1(ITGB2)1","1:1","Alpha-beta heterodimer","https://www.uniprot.org/uniprotkb/P05107/entry"
"αDβ2","αD","ITGAD",1,"β2","ITGB2",1,"ITGAD; ITGB2","(ITGAD)1(ITGB2)1","1:1","Alpha-beta heterodimer","https://www.uniprot.org/uniprotkb/P05107/entry"
"αIIbβ3","αIIb","ITGA2B",1,"β3","ITGB3",1,"ITGA2B; ITGB3","(ITGA2B)1(ITGB3)1","1:1","Alpha-beta heterodimer","https://www.uniprot.org/uniprotkb/P05106/entry"
"αVβ3","αV","ITGAV",1,"β3","ITGB3",1,"ITGAV; ITGB3","(ITGAV)1(ITGB3)1","1:1","Alpha-beta heterodimer","https://www.uniprot.org/uniprotkb/P05106/entry"
"α6β4","α6","ITGA6",1,"β4","ITGB4",1,"ITGA6; ITGB4","(ITGA6)1(ITGB4)1","1:1","Alpha-beta heterodimer","https://www.uniprot.org/uniprotkb/P16144/entry"
"αVβ5","αV","ITGAV",1,"β5","ITGB5",1,"ITGAV; ITGB5","(ITGAV)1(ITGB5)1","1:1","Alpha-beta heterodimer","https://www.uniprot.org/uniprotkb/P18084/entry"
"αVβ6","αV","ITGAV",1,"β6","ITGB6",1,"ITGAV; ITGB6","(ITGAV)1(ITGB6)1","1:1","Alpha-beta heterodimer","https://www.uniprot.org/uniprotkb/P18564/entry"
"α4β7","α4","ITGA4",1,"β7","ITGB7",1,"ITGA4; ITGB7","(ITGA4)1(ITGB7)1","1:1","Alpha-beta heterodimer","https://www.uniprot.org/uniprotkb/P26010/entry"
"αEβ7","αE","ITGAE",1,"β7","ITGB7",1,"ITGAE; ITGB7","(ITGAE)1(ITGB7)1","1:1","Alpha-beta heterodimer","https://www.uniprot.org/uniprotkb/P26010/entry"
"αVβ8","αV","ITGAV",1,"β8","ITGB8",1,"ITGAV; ITGB8","(ITGAV)1(ITGB8)1","1:1","Alpha-beta heterodimer","https://www.uniprot.org/uniprotkb/P26012/entry"
